originalFile,publicId,slug,name,rarity,primaryType,secondaryType,imagePath,description,visualTags,reviewStatus
_legendary_photoset/79299248466__A2456919-7C1B-4A96-B268-E2C782FCE69B.JPG,L0001,the-ultimate-boba-menace,The Ultimate Boba Menace,LEGENDARY,NEUTRAL,,lions/legendary/the-ultimate-boba-menace.jpg,The Ultimate Boba Menace brings suspiciously strong night market energy to the LionDen collection.,"event, lion-dance, shadow, dark, marked-legendary",NEEDS_REVIEW
_legendary_photoset/IMG_0017.JPG,L0002,the-cosmic-van-captain,The Cosmic Van Captain,LEGENDARY,NEUTRAL,,lions/legendary/the-cosmic-van-captain.jpg,The Cosmic Van Captain brings suspiciously strong team-life energy to the LionDen collection.,"lunar-new-year, indoor, neon, group, lion-dance, neutral, balanced-light, marked-legendary",REVIEWED
_legendary_photoset/IMG_0414.JPG,L0003,the-legendary-sidequest-menace,The Legendary Sidequest Menace,LEGENDARY,NEUTRAL,,lions/legendary/the-legendary-sidequest-menace.jpg,The Legendary Sidequest Menace brings suspiciously strong team-life energy to the LionDen collection.,"event, lion-dance, fire, balanced-light, marked-legendary",NEEDS_REVIEW
_legendary_photoset/IMG_0460.JPG,L0004,the-immortal-hangout-boss,The Immortal Hangout Boss,LEGENDARY,NATURE,,lions/legendary/the-immortal-hangout-boss.jpg,The Immortal Hangout Boss brings suspiciously strong team-life energy to the LionDen collection.,"team, portrait, casual, behind-the-scenes, fire, balanced-light, marked-legendary",NEEDS_REVIEW
_legendary_photoset/IMG_0462.JPG,L0005,the-grand-glowstick-menace,The Grand Glowstick Menace,LEGENDARY,NATURE,WATER,lions/legendary/the-grand-glowstick-menace.jpg,The Grand Glowstick Menace brings suspiciously strong night market energy to the LionDen collection.,"team, portrait, casual, behind-the-scenes, shadow, dark, marked-legendary",NEEDS_REVIEW
_legendary_photoset/IMG_0463.JPG,L0006,the-ultimate-carpool-captain,The Ultimate Carpool Captain,LEGENDARY,NATURE,,lions/legendary/the-ultimate-carpool-captain.jpg,The Ultimate Carpool Captain brings suspiciously strong team-life energy to the LionDen collection.,"team, portrait, casual, behind-the-scenes, neutral, balanced-light, marked-legendary",NEEDS_REVIEW
_legendary_photoset/IMG_0466.JPG,L0007,the-cosmic-road-trip-menace,The Cosmic Road Trip Menace,LEGENDARY,NATURE,,lions/legendary/the-cosmic-road-trip-menace.jpg,The Cosmic Road Trip Menace brings suspiciously strong team-life energy to the LionDen collection.,"team, portrait, casual, behind-the-scenes, fire, balanced-light, marked-legendary",NEEDS_REVIEW
_legendary_photoset/IMG_0474.JPG,L0008,the-legendary-van-boss,The Legendary Van Boss,LEGENDARY,NATURE,,lions/legendary/the-legendary-van-boss.jpg,The Legendary Van Boss brings suspiciously strong team-life energy to the LionDen collection.,"team, portrait, casual, behind-the-scenes, neutral, balanced-light, marked-legendary",NEEDS_REVIEW
_legendary_photoset/IMG_0485.JPG,L0009,the-immortal-sidequest-manager,The Immortal Sidequest Manager,LEGENDARY,NATURE,WATER,lions/legendary/the-immortal-sidequest-manager.jpg,The Immortal Sidequest Manager brings suspiciously strong team-life energy to the LionDen collection.,"team, portrait, casual, behind-the-scenes, fire, balanced-light, marked-legendary",NEEDS_REVIEW
_legendary_photoset/IMG_0489.JPG,L0010,the-grand-hangout-captain,The Grand Hangout Captain,LEGENDARY,NATURE,,lions/legendary/the-grand-hangout-captain.jpg,The Grand Hangout Captain brings suspiciously strong team-life energy to the LionDen collection.,"team, portrait, casual, behind-the-scenes, neutral, balanced-light, marked-legendary",NEEDS_REVIEW
_legendary_photoset/IMG_0491.JPG,L0011,the-ultimate-snack-bag-menace,The Ultimate Snack Bag Menace,LEGENDARY,NATURE,,lions/legendary/the-ultimate-snack-bag-menace.jpg,The Ultimate Snack Bag Menace brings suspiciously strong team-life energy to the LionDen collection.,"team, portrait, casual, behind-the-scenes, neutral, balanced-light, marked-legendary",NEEDS_REVIEW
_legendary_photoset/IMG_0494.JPG,L0012,the-cosmic-carpool-boss,The Cosmic Carpool Boss,LEGENDARY,NATURE,,lions/legendary/the-cosmic-carpool-boss.jpg,The Cosmic Carpool Boss brings suspiciously strong team-life energy to the LionDen collection.,"team, portrait, casual, behind-the-scenes, fire, balanced-light, marked-legendary",NEEDS_REVIEW
_legendary_photoset/IMG_0502.JPG,L0013,the-legendary-road-trip-manager,The Legendary Road Trip Manager,LEGENDARY,NATURE,WATER,lions/legendary/the-legendary-road-trip-manager.jpg,The Legendary Road Trip Manager brings suspiciously strong team-life energy to the LionDen collection.,"team, portrait, casual, behind-the-scenes, neutral, balanced-light, marked-legendary",NEEDS_REVIEW
_legendary_photoset/IMG_0504.JPG,L0014,the-immortal-van-captain,The Immortal Van Captain,LEGENDARY,NATURE,,lions/legendary/the-immortal-van-captain.jpg,The Immortal Van Captain brings suspiciously strong team-life energy to the LionDen collection.,"team, portrait, casual, behind-the-scenes, neutral, balanced-light, marked-legendary",NEEDS_REVIEW
_legendary_photoset/IMG_0514.JPG,L0015,the-grand-sidequest-menace,The Grand Sidequest Menace,LEGENDARY,NATURE,,lions/legendary/the-grand-sidequest-menace.jpg,The Grand Sidequest Menace brings suspiciously strong team-life energy to the LionDen collection.,"team, portrait, casual, behind-the-scenes, light, balanced-light, marked-legendary",NEEDS_REVIEW
_legendary_photoset/IMG_0521.JPG,L0016,the-ultimate-hangout-boss,The Ultimate Hangout Boss,LEGENDARY,NATURE,,lions/legendary/the-ultimate-hangout-boss.jpg,The Ultimate Hangout Boss brings suspiciously strong team-life energy to the LionDen collection.,"team, portrait, casual, behind-the-scenes, fire, bright, marked-legendary",NEEDS_REVIEW
_legendary_photoset/IMG_0527.JPG,L0017,the-cosmic-snack-bag-manager,The Cosmic Snack Bag Manager,LEGENDARY,NATURE,WATER,lions/legendary/the-cosmic-snack-bag-manager.jpg,The Cosmic Snack Bag Manager brings suspiciously strong team-life energy to the LionDen collection.,"team, portrait, casual, behind-the-scenes, water, balanced-light, marked-legendary",NEEDS_REVIEW
_legendary_photoset/IMG_0542.JPG,L0018,the-legendary-carpool-captain,The Legendary Carpool Captain,LEGENDARY,WATER,,lions/legendary/the-legendary-carpool-captain.jpg,The Legendary Carpool Captain brings suspiciously strong team-life energy to the LionDen collection.,"beach, sunset, sky, scenic, neutral, balanced-light, marked-legendary",NEEDS_REVIEW
_legendary_photoset/IMG_0546.JPG,L0019,the-immortal-road-trip-menace,The Immortal Road Trip Menace,LEGENDARY,WATER,,lions/legendary/the-immortal-road-trip-menace.jpg,The Immortal Road Trip Menace brings suspiciously strong team-life energy to the LionDen collection.,"beach, sunset, sky, scenic, neutral, balanced-light, marked-legendary",NEEDS_REVIEW
_legendary_photoset/IMG_0547.JPG,L0020,the-grand-van-boss,The Grand Van Boss,LEGENDARY,WATER,,lions/legendary/the-grand-van-boss.jpg,The Grand Van Boss brings suspiciously strong team-life energy to the LionDen collection.,"beach, sunset, sky, scenic, neutral, balanced-light, marked-legendary",NEEDS_REVIEW
_legendary_photoset/IMG_0548.JPG,L0021,the-ultimate-sidequest-manager,The Ultimate Sidequest Manager,LEGENDARY,WATER,WIND,lions/legendary/the-ultimate-sidequest-manager.jpg,The Ultimate Sidequest Manager brings suspiciously strong team-life energy to the LionDen collection.,"beach, sunset, sky, scenic, fire, balanced-light, marked-legendary",NEEDS_REVIEW
_legendary_photoset/IMG_0550.JPG,L0022,the-cosmic-stage-captain,The Cosmic Stage Captain,LEGENDARY,METAL,,lions/legendary/the-cosmic-stage-captain.jpg,The Cosmic Stage Captain brings suspiciously strong school performance energy to the LionDen collection.,"backstage, resting, costume, lion-dance, shadow, dark, marked-legendary",REVIEWED
_legendary_photoset/IMG_0556.JPG,L0023,the-legendary-glowstick-supervisor,The Legendary Glowstick Supervisor,LEGENDARY,NATURE,,lions/legendary/the-legendary-glowstick-supervisor.jpg,The Legendary Glowstick Supervisor brings suspiciously strong night market energy to the LionDen collection.,"team, portrait, casual, behind-the-scenes, shadow, balanced-light, marked-legendary",NEEDS_REVIEW
_legendary_photoset/IMG_0558.JPG,L0024,the-immortal-carpool-boss,The Immortal Carpool Boss,LEGENDARY,NATURE,,lions/legendary/the-immortal-carpool-boss.jpg,The Immortal Carpool Boss brings suspiciously strong team-life energy to the LionDen collection.,"team, portrait, casual, behind-the-scenes, neutral, balanced-light, marked-legendary",NEEDS_REVIEW
_legendary_photoset/IMG_0559.JPG,L0025,the-grand-road-trip-manager,The Grand Road Trip Manager,LEGENDARY,NATURE,WATER,lions/legendary/the-grand-road-trip-manager.jpg,The Grand Road Trip Manager brings suspiciously strong team-life energy to the LionDen collection.,"team, portrait, casual, behind-the-scenes, shadow, balanced-light, marked-legendary",NEEDS_REVIEW
_legendary_photoset/IMG_0576.JPG,L0026,the-ultimate-van-captain,The Ultimate Van Captain,LEGENDARY,NATURE,,lions/legendary/the-ultimate-van-captain.jpg,The Ultimate Van Captain brings suspiciously strong team-life energy to the LionDen collection.,"team, portrait, casual, behind-the-scenes, neutral, balanced-light, marked-legendary",NEEDS_REVIEW
_legendary_photoset/IMG_0577.JPG,L0027,the-cosmic-sidequest-menace,The Cosmic Sidequest Menace,LEGENDARY,NATURE,,lions/legendary/the-cosmic-sidequest-menace.jpg,The Cosmic Sidequest Menace brings suspiciously strong team-life energy to the LionDen collection.,"team, portrait, casual, behind-the-scenes, fire, balanced-light, marked-legendary",NEEDS_REVIEW
_legendary_photoset/IMG_0582.JPG,L0028,the-legendary-hangout-boss,The Legendary Hangout Boss,LEGENDARY,WATER,,lions/legendary/the-legendary-hangout-boss.jpg,The Legendary Hangout Boss brings suspiciously strong team-life energy to the LionDen collection.,"event, lion-dance, fire, balanced-light, marked-legendary",NEEDS_REVIEW
_legendary_photoset/IMG_0584.JPG,L0029,the-immortal-snack-bag-manager,The Immortal Snack Bag Manager,LEGENDARY,NEUTRAL,,lions/legendary/the-immortal-snack-bag-manager.jpg,The Immortal Snack Bag Manager brings suspiciously strong team-life energy to the LionDen collection.,"event, lion-dance, fire, balanced-light, marked-legendary",NEEDS_REVIEW
_legendary_photoset/IMG_0653.JPG,L0030,the-grand-protocol-boss,The Grand Protocol Boss,LEGENDARY,EARTH,,lions/legendary/the-grand-protocol-boss.jpg,The Grand Protocol Boss brings suspiciously strong courtyard ceremony energy to the LionDen collection.,"school, ceremony, drum, group, lion-dance, metal, balanced-light, marked-legendary",REVIEWED
_legendary_photoset/IMG_0654.JPG,L0031,the-ultimate-drum-specialist,The Ultimate Drum Specialist,LEGENDARY,EARTH,,lions/legendary/the-ultimate-drum-specialist.jpg,The Ultimate Drum Specialist brings suspiciously strong courtyard ceremony energy to the LionDen collection.,"school, ceremony, drum, group, lion-dance, fire, balanced-light, marked-legendary",REVIEWED
_legendary_photoset/IMG_0655.JPG,L0032,the-cosmic-procession-coordinator,The Cosmic Procession Coordinator,LEGENDARY,EARTH,,lions/legendary/the-cosmic-procession-coordinator.jpg,The Cosmic Procession Coordinator brings suspiciously strong courtyard ceremony energy to the LionDen collection.,"school, ceremony, drum, group, lion-dance, metal, balanced-light, marked-legendary",REVIEWED
_legendary_photoset/IMG_0680.JPG,L0033,the-legendary-guest-marshal,The Legendary Guest Marshal,LEGENDARY,EARTH,NATURE,lions/legendary/the-legendary-guest-marshal.jpg,The Legendary Guest Marshal brings suspiciously strong courtyard ceremony energy to the LionDen collection.,"school, ceremony, drum, group, lion-dance, metal, balanced-light, marked-legendary",REVIEWED
_legendary_photoset/IMG_0812.JPG,L0034,the-immortal-stage-captain,The Immortal Stage Captain,LEGENDARY,METAL,,lions/legendary/the-immortal-stage-captain.jpg,The Immortal Stage Captain brings suspiciously strong school performance energy to the LionDen collection.,"stage, school, gym, performance, lion-dance, fire, balanced-light, marked-legendary",REVIEWED
_legendary_photoset/IMG_0813.JPG,L0035,the-grand-locker-supervisor,The Grand Locker Supervisor,LEGENDARY,METAL,,lions/legendary/the-grand-locker-supervisor.jpg,The Grand Locker Supervisor brings suspiciously strong school performance energy to the LionDen collection.,"stage, school, gym, performance, lion-dance, metal, balanced-light, marked-legendary",REVIEWED
_legendary_photoset/IMG_0836.JPG,L0036,the-ultimate-field-trip-boss,The Ultimate Field Trip Boss,LEGENDARY,METAL,,lions/legendary/the-ultimate-field-trip-boss.jpg,The Ultimate Field Trip Boss brings suspiciously strong school performance energy to the LionDen collection.,"stage, school, gym, performance, lion-dance, shadow, dark, marked-legendary",REVIEWED
_legendary_photoset/IMG_0837.JPG,L0037,the-cosmic-bleacher-wrangler,The Cosmic Bleacher Wrangler,LEGENDARY,METAL,EARTH,lions/legendary/the-cosmic-bleacher-wrangler.jpg,The Cosmic Bleacher Wrangler brings suspiciously strong school performance energy to the LionDen collection.,"stage, school, gym, performance, lion-dance, fire, balanced-light, marked-legendary",REVIEWED
_legendary_photoset/IMG_0838.JPG,L0038,the-legendary-assembly-captain,The Legendary Assembly Captain,LEGENDARY,METAL,,lions/legendary/the-legendary-assembly-captain.jpg,The Legendary Assembly Captain brings suspiciously strong school performance energy to the LionDen collection.,"stage, school, gym, performance, lion-dance, fire, balanced-light, marked-legendary",REVIEWED
_legendary_photoset/IMG_0952.JPG,L0039,the-immortal-sidequest-menace,The Immortal Sidequest Menace,LEGENDARY,NATURE,,lions/legendary/the-immortal-sidequest-menace.jpg,The Immortal Sidequest Menace brings suspiciously strong team-life energy to the LionDen collection.,"team, hangout, portrait, casual, light, balanced-light, marked-legendary",NEEDS_REVIEW
_legendary_photoset/IMG_0965.JPG,L0040,the-grand-hangout-boss,The Grand Hangout Boss,LEGENDARY,NATURE,,lions/legendary/the-grand-hangout-boss.jpg,The Grand Hangout Boss brings suspiciously strong team-life energy to the LionDen collection.,"team, hangout, portrait, casual, fire, balanced-light, marked-legendary",NEEDS_REVIEW
_legendary_photoset/IMG_0967.JPG,L0041,the-ultimate-glowstick-menace,The Ultimate Glowstick Menace,LEGENDARY,NATURE,WATER,lions/legendary/the-ultimate-glowstick-menace.jpg,The Ultimate Glowstick Menace brings suspiciously strong night market energy to the LionDen collection.,"team, hangout, portrait, casual, shadow, dark, marked-legendary",NEEDS_REVIEW
_legendary_photoset/IMG_1129.JPG,L0042,the-cosmic-field-trip-captain,The Cosmic Field Trip Captain,LEGENDARY,NATURE,,lions/legendary/the-cosmic-field-trip-captain.jpg,The Cosmic Field Trip Captain brings suspiciously strong school performance energy to the LionDen collection.,"backstage, resting, costume, lion-dance, shadow, dark, marked-legendary",REVIEWED
_legendary_photoset/IMG_4721.JPG,L0043,the-legendary-road-trip-menace,The Legendary Road Trip Menace,LEGENDARY,WATER,,lions/legendary/the-legendary-road-trip-menace.jpg,The Legendary Road Trip Menace brings suspiciously strong team-life energy to the LionDen collection.,"event, lion-dance, neutral, balanced-light, marked-legendary",NEEDS_REVIEW
_unique_photoset/02808.JPG,L0044,van-boss,Van Boss,COMMON,NEUTRAL,,lions/common/van-boss.jpg,Van Boss brings suspiciously strong team-life energy to the LionDen collection.,"tent, festival, audience, lion-dance, neutral, balanced-light",REVIEWED
_unique_photoset/02809.JPG,L0045,sidequest-manager,Sidequest Manager,COMMON,WATER,WIND,lions/common/sidequest-manager.jpg,Sidequest Manager brings suspiciously strong team-life energy to the LionDen collection.,"tent, festival, audience, lion-dance, neutral, balanced-light",REVIEWED
_unique_photoset/02810.JPG,L0046,spicy-hangout-captain,Spicy Hangout Captain,UNCOMMON,NEUTRAL,,lions/uncommon/spicy-hangout-captain.jpg,Spicy Hangout Captain brings suspiciously strong team-life energy to the LionDen collection.,"tent, festival, audience, lion-dance, fire, balanced-light",REVIEWED
_unique_photoset/02812.JPG,L0047,deluxe-snack-bag-menace,Deluxe Snack Bag Menace,RARE,WATER,,lions/rare/deluxe-snack-bag-menace.jpg,Deluxe Snack Bag Menace brings suspiciously strong team-life energy to the LionDen collection.,"tent, festival, audience, lion-dance, fire, balanced-light",REVIEWED
_unique_photoset/02813.JPG,L0048,epic-carpool-boss,Epic Carpool Boss,EPIC,NEUTRAL,,lions/epic/epic-carpool-boss.jpg,Epic Carpool Boss brings suspiciously strong team-life energy to the LionDen collection.,"tent, festival, audience, lion-dance, fire, balanced-light",REVIEWED
_unique_photoset/02815.JPG,L0049,extra-road-trip-manager,Extra Road Trip Manager,UNCOMMON,WATER,WIND,lions/uncommon/extra-road-trip-manager.jpg,Extra Road Trip Manager brings suspiciously strong team-life energy to the LionDen collection.,"tent, festival, audience, lion-dance, fire, balanced-light",REVIEWED
_unique_photoset/02816.JPG,L0050,official-van-captain,Official Van Captain,UNCOMMON,NEUTRAL,,lions/uncommon/official-van-captain.jpg,Official Van Captain brings suspiciously strong team-life energy to the LionDen collection.,"tent, festival, audience, lion-dance, fire, balanced-light",REVIEWED
_unique_photoset/088B95F6-E990-4477-8BBE-F86604672086DSC_0286.JPG,L0051,sidequest-menace,Sidequest Menace,COMMON,WATER,,lions/common/sidequest-menace.jpg,Sidequest Menace brings suspiciously strong team-life energy to the LionDen collection.,"tent, festival, audience, lion-dance, neutral, balanced-light",REVIEWED
_unique_photoset/0C188091-E594-4BF0-87DE-1D140CC019CADSC_0276.JPG,L0052,hangout-boss,Hangout Boss,COMMON,WIND,,lions/common/hangout-boss.jpg,Hangout Boss brings suspiciously strong team-life energy to the LionDen collection.,"outdoors, festival, flags, motion, lion-dance, wind, balanced-light",REVIEWED
_unique_photoset/0F807A22-9C5E-41DF-BD66-6598EB6ED0A0DSC_0291.JPG,L0053,snack-bag-manager,Snack Bag Manager,COMMON,NEUTRAL,,lions/common/snack-bag-manager.jpg,Snack Bag Manager brings suspiciously strong team-life energy to the LionDen collection.,"tent, festival, audience, lion-dance, neutral, balanced-light",REVIEWED
_unique_photoset/1AF97807-D1EE-4F18-88C3-0362FE41B10CDSC_0233.JPG,L0054,carpool-captain,Carpool Captain,COMMON,WIND,,lions/common/carpool-captain.jpg,Carpool Captain brings suspiciously strong team-life energy to the LionDen collection.,"outdoors, festival, flags, motion, lion-dance, wind, balanced-light",REVIEWED
_unique_photoset/20260327_105449.JPG,L0055,grand-drum-specialist,Grand Drum Specialist,EPIC,EARTH,,lions/epic/grand-drum-specialist.jpg,Grand Drum Specialist brings suspiciously strong courtyard ceremony energy to the LionDen collection.,"courtyard, ceremony, group, lion-dance, fire, balanced-light",REVIEWED
_unique_photoset/20260327_105450.JPG,L0056,unhinged-procession-coordinator,Unhinged Procession Coordinator,RARE,EARTH,,lions/rare/unhinged-procession-coordinator.jpg,Unhinged Procession Coordinator brings suspiciously strong courtyard ceremony energy to the LionDen collection.,"courtyard, ceremony, group, lion-dance, fire, balanced-light",REVIEWED
_unique_photoset/20260327_105521.JPG,L0057,deluxe-guest-marshal,Deluxe Guest Marshal,RARE,EARTH,NATURE,lions/rare/deluxe-guest-marshal.jpg,Deluxe Guest Marshal brings suspiciously strong courtyard ceremony energy to the LionDen collection.,"courtyard, ceremony, group, lion-dance, fire, balanced-light",REVIEWED
_unique_photoset/20260327_110538.JPG,L0058,temple-boss,Temple Boss,COMMON,EARTH,,lions/common/temple-boss.jpg,Temple Boss brings suspiciously strong courtyard ceremony energy to the LionDen collection.,"courtyard, ceremony, group, lion-dance, fire, balanced-light",REVIEWED
_unique_photoset/2E1DF69E-53C7-4BB6-BB6E-9976C31AEC9ADSC_0281.JPG,L0059,snack-bag-menace,Snack Bag Menace,COMMON,WATER,,lions/common/snack-bag-menace.jpg,Snack Bag Menace brings suspiciously strong team-life energy to the LionDen collection.,"tent, festival, audience, lion-dance, neutral, balanced-light",REVIEWED
_unique_photoset/3BA3ECA7-3646-4CCE-863E-1D7307925C9ADSC_0262.JPG,L0060,carpool-boss,Carpool Boss,COMMON,WIND,,lions/common/carpool-boss.jpg,Carpool Boss brings suspiciously strong team-life energy to the LionDen collection.,"outdoors, festival, flags, motion, lion-dance, shadow, balanced-light",REVIEWED
_unique_photoset/3C74F406-EC49-461A-AC65-364789742249DSC_0190.JPG,L0061,spicy-drum-marshal,Spicy Drum Marshal,UNCOMMON,EARTH,NATURE,lions/uncommon/spicy-drum-marshal.jpg,Spicy Drum Marshal brings suspiciously strong courtyard ceremony energy to the LionDen collection.,"courtyard, ceremony, group, lion-dance, fire, balanced-light",REVIEWED
_unique_photoset/4F734C8F-CAC1-4451-A90D-E9688CDE1430DSC_0277.JPG,L0062,van-captain,Van Captain,COMMON,WIND,,lions/common/van-captain.jpg,Van Captain brings suspiciously strong team-life energy to the LionDen collection.,"outdoors, festival, flags, motion, lion-dance, wind, balanced-light",REVIEWED
_unique_photoset/5454D178-5B64-4FD3-8A2F-F2A8B9409C15DSC_0285.JPG,L0063,sidequest-menace-second-breakfast,Sidequest Menace: Second Breakfast,COMMON,NEUTRAL,,lions/common/sidequest-menace-second-breakfast.jpg,Sidequest Menace: Second Breakfast brings suspiciously strong team-life energy to the LionDen collection.,"tent, festival, audience, lion-dance, neutral, balanced-light",REVIEWED
_unique_photoset/56D7F7B8-18BB-411D-885D-AC57955D111EDSC_0318.JPG,L0064,extra-hangout-boss,Extra Hangout Boss,UNCOMMON,WATER,,lions/uncommon/extra-hangout-boss.jpg,Extra Hangout Boss brings suspiciously strong team-life energy to the LionDen collection.,"tent, festival, audience, lion-dance, fire, balanced-light",REVIEWED
_unique_photoset/58502F33-3342-490D-8999-F9F1A9EC717DDSC_0309.JPG,L0065,official-snack-bag-manager,Official Snack Bag Manager,UNCOMMON,NEUTRAL,,lions/uncommon/official-snack-bag-manager.jpg,Official Snack Bag Manager brings suspiciously strong team-life energy to the LionDen collection.,"tent, festival, audience, lion-dance, fire, balanced-light",REVIEWED
_unique_photoset/5B15F040-DD1C-4D78-A30B-61BA52973091DSC_0243.JPG,L0066,spicy-carpool-captain,Spicy Carpool Captain,UNCOMMON,WIND,,lions/uncommon/spicy-carpool-captain.jpg,Spicy Carpool Captain brings suspiciously strong team-life energy to the LionDen collection.,"outdoors, festival, flags, motion, lion-dance, fire, balanced-light",REVIEWED
_unique_photoset/63238A4D-CFAC-49E4-9575-569198922C22DSC_0207.JPG,L0067,road-trip-menace,Road Trip Menace,COMMON,WIND,,lions/common/road-trip-menace.jpg,Road Trip Menace brings suspiciously strong team-life energy to the LionDen collection.,"outdoors, festival, flags, motion, lion-dance, wind, balanced-light",REVIEWED
_unique_photoset/68659212-FB77-4700-AEA2-5DFD76A95F5EDSC_0319.JPG,L0068,van-boss-second-breakfast,Van Boss: Second Breakfast,COMMON,WATER,,lions/common/van-boss-second-breakfast.jpg,Van Boss: Second Breakfast brings suspiciously strong team-life energy to the LionDen collection.,"tent, festival, audience, lion-dance, neutral, balanced-light",REVIEWED
_unique_photoset/69ED8D5E-6BA0-46E4-BA32-8C690C94B196DSC_0288.JPG,L0069,sidequest-manager-second-breakfast,Sidequest Manager: Second Breakfast,COMMON,LIGHT,FIRE,lions/common/sidequest-manager-second-breakfast.jpg,Sidequest Manager: Second Breakfast brings suspiciously strong team-life energy to the LionDen collection.,"tent, festival, audience, lion-dance, neutral, balanced-light",REVIEWED
_unique_photoset/811B531E-06CE-4963-867A-1DC8EA088C7FDSC_0263.JPG,L0070,hangout-captain,Hangout Captain,COMMON,WIND,,lions/common/hangout-captain.jpg,Hangout Captain brings suspiciously strong team-life energy to the LionDen collection.,"outdoors, festival, flags, motion, lion-dance, wind, balanced-light",REVIEWED
_unique_photoset/8E5DCC4A-898E-4018-9529-3C038F54F42DDSC_0292.JPG,L0071,snack-bag-menace-second-breakfast,Snack Bag Menace: Second Breakfast,COMMON,NEUTRAL,,lions/common/snack-bag-menace-second-breakfast.jpg,Snack Bag Menace: Second Breakfast brings suspiciously strong team-life energy to the LionDen collection.,"tent, festival, audience, lion-dance, neutral, balanced-light",REVIEWED
_unique_photoset/9E8652BC-D4AC-475E-A7F7-DA0A1D6FA4A6DSC_0289.JPG,L0072,carpool-boss-second-breakfast,Carpool Boss: Second Breakfast,COMMON,WATER,,lions/common/carpool-boss-second-breakfast.jpg,Carpool Boss: Second Breakfast brings suspiciously strong team-life energy to the LionDen collection.,"tent, festival, audience, lion-dance, neutral, balanced-light",REVIEWED
_unique_photoset/A9D209D7-2A00-4F5B-BFEC-F15FDD9AB5AE.JPG,L0073,road-trip-manager,Road Trip Manager,COMMON,LIGHT,FIRE,lions/common/road-trip-manager.jpg,Road Trip Manager brings suspiciously strong team-life energy to the LionDen collection.,"event, lion-dance, neutral, balanced-light",NEEDS_REVIEW
_unique_photoset/AB331059-40F0-40A6-BC46-9C794EA74143DSC_0206.JPG,L0074,extra-van-captain,Extra Van Captain,UNCOMMON,WIND,,lions/uncommon/extra-van-captain.jpg,Extra Van Captain brings suspiciously strong team-life energy to the LionDen collection.,"outdoors, festival, flags, motion, lion-dance, fire, balanced-light",REVIEWED
_unique_photoset/AD21298C-C659-4564-B161-73AD48A5FEE3DSC_0208.JPG,L0075,sidequest-menace-overtime,Sidequest Menace: Overtime,COMMON,WIND,,lions/common/sidequest-menace-overtime.jpg,Sidequest Menace: Overtime brings suspiciously strong team-life energy to the LionDen collection.,"outdoors, festival, flags, motion, lion-dance, wind, balanced-light",REVIEWED
_unique_photoset/B40EC734-F9E6-46F3-8948-BF68DC149748DSC_0235.JPG,L0076,stage-boss,Stage Boss,COMMON,WIND,,lions/common/stage-boss.jpg,Stage Boss brings suspiciously strong school performance energy to the LionDen collection.,"outdoors, festival, flags, motion, lion-dance, wind, balanced-light",REVIEWED
_unique_photoset/B6FC4022-212C-408A-8E73-99EF1102A780DSC_0317.JPG,L0077,overtime-snack-bag-manager,Overtime Snack Bag Manager,EPIC,NEUTRAL,,lions/epic/overtime-snack-bag-manager.jpg,Overtime Snack Bag Manager brings suspiciously strong team-life energy to the LionDen collection.,"tent, festival, audience, lion-dance, fire, balanced-light",REVIEWED
_unique_photoset/D112DE60-7164-4242-A35C-276087D227D8DSC_0313.JPG,L0078,bonus-carpool-captain,Bonus Carpool Captain,UNCOMMON,WATER,,lions/uncommon/bonus-carpool-captain.jpg,Bonus Carpool Captain brings suspiciously strong team-life energy to the LionDen collection.,"tent, festival, audience, lion-dance, fire, balanced-light",REVIEWED
_unique_photoset/DFDE2D00-7FD5-46DF-AC92-2BB6F586708DDSC_0264.JPG,L0079,road-trip-menace-second-breakfast,Road Trip Menace: Second Breakfast,COMMON,WIND,,lions/common/road-trip-menace-second-breakfast.jpg,Road Trip Menace: Second Breakfast brings suspiciously strong team-life energy to the LionDen collection.,"outdoors, festival, flags, motion, lion-dance, wind, balanced-light",REVIEWED
_unique_photoset/DSC_0003.JPG,L0080,noodle-ceo,Noodle CEO,COMMON,LIGHT,,lions/common/noodle-ceo.jpg,Noodle CEO brings suspiciously strong night market energy to the LionDen collection.,"night, market, lights, lion-dance, fire, balanced-light",REVIEWED
_unique_photoset/DSC_0004.JPG,L0081,unhinged-alley-menace,Unhinged Alley Menace,RARE,NEUTRAL,,lions/rare/unhinged-alley-menace.jpg,Unhinged Alley Menace brings suspiciously strong night market energy to the LionDen collection.,"night, market, lights, lion-dance, shadow, balanced-light",REVIEWED
_unique_photoset/DSC_0005.JPG,L0082,deluxe-sidewalk-gremlin,Deluxe Sidewalk Gremlin,RARE,WATER,,lions/rare/deluxe-sidewalk-gremlin.jpg,Deluxe Sidewalk Gremlin brings suspiciously strong night market energy to the LionDen collection.,"night, market, lights, lion-dance, shadow, balanced-light",REVIEWED
_unique_photoset/DSC_0007.JPG,L0083,glowstick-supervisor,Glowstick Supervisor,COMMON,EARTH,,lions/common/glowstick-supervisor.jpg,Glowstick Supervisor brings suspiciously strong night market energy to the LionDen collection.,"night, market, lights, lion-dance, neutral, balanced-light",REVIEWED
_unique_photoset/DSC_0008.JPG,L0084,soy-sauce-ceo,Soy Sauce CEO,COMMON,WIND,,lions/common/soy-sauce-ceo.jpg,Soy Sauce CEO brings suspiciously strong night market energy to the LionDen collection.,"night, market, lights, lion-dance, neutral, balanced-light",REVIEWED
_unique_photoset/DSC_0010.JPG,L0085,boba-menace,Boba Menace,COMMON,METAL,EARTH,lions/common/boba-menace.jpg,Boba Menace brings suspiciously strong night market energy to the LionDen collection.,"night, market, lights, lion-dance, neutral, balanced-light",REVIEWED
_unique_photoset/DSC_0011.JPG,L0086,noodle-gremlin,Noodle Gremlin,COMMON,NATURE,,lions/common/noodle-gremlin.jpg,Noodle Gremlin brings suspiciously strong night market energy to the LionDen collection.,"night, market, lights, lion-dance, neutral, balanced-light",REVIEWED
_unique_photoset/DSC_0013.JPG,L0087,alley-supervisor,Alley Supervisor,COMMON,LIGHT,,lions/common/alley-supervisor.jpg,Alley Supervisor brings suspiciously strong night market energy to the LionDen collection.,"night, market, lights, lion-dance, neutral, balanced-light",REVIEWED
_unique_photoset/DSC_0014.JPG,L0088,sidewalk-ceo,Sidewalk CEO,COMMON,NEUTRAL,,lions/common/sidewalk-ceo.jpg,Sidewalk CEO brings suspiciously strong night market energy to the LionDen collection.,"night, market, lights, lion-dance, shadow, dark",REVIEWED
_unique_photoset/DSC_0015.JPG,L0089,glowstick-menace,Glowstick Menace,COMMON,WATER,WIND,lions/common/glowstick-menace.jpg,Glowstick Menace brings suspiciously strong night market energy to the LionDen collection.,"night, market, lights, lion-dance, neutral, balanced-light",REVIEWED
_unique_photoset/DSC_0017.JPG,L0090,soy-sauce-gremlin,Soy Sauce Gremlin,COMMON,EARTH,,lions/common/soy-sauce-gremlin.jpg,Soy Sauce Gremlin brings suspiciously strong night market energy to the LionDen collection.,"night, market, lights, lion-dance, shadow, dark",REVIEWED
_unique_photoset/DSC_0018.JPG,L0091,spicy-boba-supervisor,Spicy Boba Supervisor,UNCOMMON,WIND,,lions/uncommon/spicy-boba-supervisor.jpg,Spicy Boba Supervisor brings suspiciously strong night market energy to the LionDen collection.,"night, market, lights, lion-dance, fire, balanced-light",REVIEWED
_unique_photoset/DSC_0026.JPG,L0092,noodle-ceo-second-breakfast,Noodle CEO: Second Breakfast,COMMON,METAL,,lions/common/noodle-ceo-second-breakfast.jpg,Noodle CEO: Second Breakfast brings suspiciously strong night market energy to the LionDen collection.,"night, market, lights, lion-dance, shadow, dark",REVIEWED
_unique_photoset/DSC_0027.JPG,L0093,alley-menace,Alley Menace,COMMON,NATURE,WATER,lions/common/alley-menace.jpg,Alley Menace brings suspiciously strong night market energy to the LionDen collection.,"night, market, lights, lion-dance, shadow, dark",REVIEWED
_unique_photoset/DSC_0029.JPG,L0094,sidewalk-gremlin,Sidewalk Gremlin,COMMON,LIGHT,,lions/common/sidewalk-gremlin.jpg,Sidewalk Gremlin brings suspiciously strong night market energy to the LionDen collection.,"night, market, lights, lion-dance, shadow, dark",REVIEWED
_unique_photoset/DSC_0030.JPG,L0095,glowstick-supervisor-second-breakfast,Glowstick Supervisor: Second Breakfast,COMMON,NEUTRAL,,lions/common/glowstick-supervisor-second-breakfast.jpg,Glowstick Supervisor: Second Breakfast brings suspiciously strong night market energy to the LionDen collection.,"night, market, lights, lion-dance, shadow, balanced-light",REVIEWED
_unique_photoset/DSC_0032.JPG,L0096,soy-sauce-ceo-second-breakfast,Soy Sauce CEO: Second Breakfast,COMMON,SHADOW,,lions/common/soy-sauce-ceo-second-breakfast.jpg,Soy Sauce CEO: Second Breakfast brings suspiciously strong night market energy to the LionDen collection.,"night, market, lights, lion-dance, shadow, dark",REVIEWED
_unique_photoset/DSC_0039.JPG,L0097,mischief-boba-menace,Mischief Boba Menace,UNCOMMON,SHADOW,FIRE,lions/uncommon/mischief-boba-menace.jpg,Mischief Boba Menace brings suspiciously strong night market energy to the LionDen collection.,"night, market, lights, lion-dance, shadow, dark",REVIEWED
_unique_photoset/DSC_0040.JPG,L0098,bonus-noodle-gremlin,Bonus Noodle Gremlin,UNCOMMON,SHADOW,,lions/uncommon/bonus-noodle-gremlin.jpg,Bonus Noodle Gremlin brings suspiciously strong night market energy to the LionDen collection.,"night, market, lights, lion-dance, shadow, dark",REVIEWED
_unique_photoset/DSC_0042.JPG,L0099,mythic-alley-supervisor,Mythic Alley Supervisor,EPIC,SHADOW,,lions/epic/mythic-alley-supervisor.jpg,Mythic Alley Supervisor brings suspiciously strong night market energy to the LionDen collection.,"night, market, lights, lion-dance, shadow, dark",REVIEWED
_unique_photoset/DSC_0043.JPG,L0100,grand-sidewalk-ceo,Grand Sidewalk CEO,EPIC,SHADOW,,lions/epic/grand-sidewalk-ceo.jpg,Grand Sidewalk CEO brings suspiciously strong night market energy to the LionDen collection.,"night, market, lights, lion-dance, shadow, dark",REVIEWED
_unique_photoset/DSC_0044.JPG,L0101,chaos-glowstick-menace,Chaos Glowstick Menace,EPIC,SHADOW,FIRE,lions/epic/chaos-glowstick-menace.jpg,Chaos Glowstick Menace brings suspiciously strong night market energy to the LionDen collection.,"night, market, lights, lion-dance, shadow, dark",REVIEWED
_unique_photoset/DSC_0045.JPG,L0102,overtime-soy-sauce-gremlin,Overtime Soy Sauce Gremlin,EPIC,SHADOW,,lions/epic/overtime-soy-sauce-gremlin.jpg,Overtime Soy Sauce Gremlin brings suspiciously strong night market energy to the LionDen collection.,"night, market, lights, lion-dance, shadow, balanced-light",REVIEWED
_unique_photoset/DSC_0046.JPG,L0103,rare-boba-supervisor,Rare Boba Supervisor,RARE,SHADOW,,lions/rare/rare-boba-supervisor.jpg,Rare Boba Supervisor brings suspiciously strong night market energy to the LionDen collection.,"night, market, lights, lion-dance, shadow, dark",REVIEWED
_unique_photoset/DSC_0047.JPG,L0104,forbidden-noodle-ceo,Forbidden Noodle CEO,RARE,SHADOW,,lions/rare/forbidden-noodle-ceo.jpg,Forbidden Noodle CEO brings suspiciously strong night market energy to the LionDen collection.,"night, market, lights, lion-dance, shadow, dark",REVIEWED
_unique_photoset/DSC_0048.JPG,L0105,official-alley-menace,Official Alley Menace,UNCOMMON,SHADOW,FIRE,lions/uncommon/official-alley-menace.jpg,Official Alley Menace brings suspiciously strong night market energy to the LionDen collection.,"night, market, lights, lion-dance, shadow, balanced-light",REVIEWED
_unique_photoset/DSC_0049.JPG,L0106,spicy-sidewalk-gremlin,Spicy Sidewalk Gremlin,UNCOMMON,SHADOW,,lions/uncommon/spicy-sidewalk-gremlin.jpg,Spicy Sidewalk Gremlin brings suspiciously strong night market energy to the LionDen collection.,"night, market, lights, lion-dance, shadow, dark",REVIEWED
_unique_photoset/DSC_0050.JPG,L0107,mischief-glowstick-supervisor,Mischief Glowstick Supervisor,UNCOMMON,SHADOW,,lions/uncommon/mischief-glowstick-supervisor.jpg,Mischief Glowstick Supervisor brings suspiciously strong night market energy to the LionDen collection.,"night, market, lights, lion-dance, fire, balanced-light",REVIEWED
_unique_photoset/DSC_0051.JPG,L0108,epic-soy-sauce-ceo,Epic Soy Sauce CEO,EPIC,SHADOW,,lions/epic/epic-soy-sauce-ceo.jpg,Epic Soy Sauce CEO brings suspiciously strong night market energy to the LionDen collection.,"night, market, lights, lion-dance, shadow, dark",REVIEWED
_unique_photoset/DSC_0052.JPG,L0109,extra-boba-menace,Extra Boba Menace,UNCOMMON,SHADOW,FIRE,lions/uncommon/extra-boba-menace.jpg,Extra Boba Menace brings suspiciously strong night market energy to the LionDen collection.,"night, market, lights, lion-dance, shadow, dark",REVIEWED
_unique_photoset/DSC_0053.JPG,L0110,official-noodle-gremlin,Official Noodle Gremlin,UNCOMMON,SHADOW,,lions/uncommon/official-noodle-gremlin.jpg,Official Noodle Gremlin brings suspiciously strong night market energy to the LionDen collection.,"night, market, lights, lion-dance, shadow, dark",REVIEWED
_unique_photoset/DSC_0054.JPG,L0111,spicy-alley-supervisor,Spicy Alley Supervisor,UNCOMMON,SHADOW,,lions/uncommon/spicy-alley-supervisor.jpg,Spicy Alley Supervisor brings suspiciously strong night market energy to the LionDen collection.,"night, market, lights, lion-dance, shadow, dark",REVIEWED
_unique_photoset/DSC_0055.JPG,L0112,deluxe-sidewalk-ceo,Deluxe Sidewalk CEO,RARE,SHADOW,,lions/rare/deluxe-sidewalk-ceo.jpg,Deluxe Sidewalk CEO brings suspiciously strong night market energy to the LionDen collection.,"night, market, lights, lion-dance, shadow, dark",REVIEWED
_unique_photoset/DSC_0056.JPG,L0113,rare-glowstick-menace,Rare Glowstick Menace,RARE,SHADOW,FIRE,lions/rare/rare-glowstick-menace.jpg,Rare Glowstick Menace brings suspiciously strong night market energy to the LionDen collection.,"night, market, lights, lion-dance, shadow, dark",REVIEWED
_unique_photoset/DSC_0057.JPG,L0114,mythic-soy-sauce-gremlin,Mythic Soy Sauce Gremlin,EPIC,SHADOW,,lions/epic/mythic-soy-sauce-gremlin.jpg,Mythic Soy Sauce Gremlin brings suspiciously strong night market energy to the LionDen collection.,"night, market, lights, lion-dance, shadow, dark",REVIEWED
_unique_photoset/DSC_0058.JPG,L0115,official-boba-supervisor,Official Boba Supervisor,UNCOMMON,SHADOW,,lions/uncommon/official-boba-supervisor.jpg,Official Boba Supervisor brings suspiciously strong night market energy to the LionDen collection.,"night, market, lights, lion-dance, shadow, dark",REVIEWED
_unique_photoset/DSC_0059.JPG,L0116,unhinged-noodle-ceo,Unhinged Noodle CEO,RARE,SHADOW,,lions/rare/unhinged-noodle-ceo.jpg,Unhinged Noodle CEO brings suspiciously strong night market energy to the LionDen collection.,"night, market, lights, lion-dance, shadow, dark",REVIEWED
_unique_photoset/DSC_0060.JPG,L0117,deluxe-alley-menace,Deluxe Alley Menace,RARE,SHADOW,FIRE,lions/rare/deluxe-alley-menace.jpg,Deluxe Alley Menace brings suspiciously strong night market energy to the LionDen collection.,"night, market, lights, lion-dance, shadow, dark",REVIEWED
_unique_photoset/DSC_0080.JPG,L0118,temple-boss-second-breakfast,Temple Boss: Second Breakfast,COMMON,EARTH,,lions/common/temple-boss-second-breakfast.jpg,Temple Boss: Second Breakfast brings suspiciously strong courtyard ceremony energy to the LionDen collection.,"courtyard, ceremony, group, lion-dance, earth, balanced-light",REVIEWED
_unique_photoset/DSC_0082.JPG,L0119,forbidden-lion-parade-specialist,Forbidden Lion Parade Specialist,RARE,EARTH,,lions/rare/forbidden-lion-parade-specialist.jpg,Forbidden Lion Parade Specialist brings suspiciously strong courtyard ceremony energy to the LionDen collection.,"courtyard, ceremony, group, lion-dance, shadow, balanced-light",REVIEWED
_unique_photoset/DSC_0109.JPG,L0120,protocol-coordinator,Protocol Coordinator,COMMON,EARTH,,lions/common/protocol-coordinator.jpg,Protocol Coordinator brings suspiciously strong courtyard ceremony energy to the LionDen collection.,"courtyard, ceremony, group, lion-dance, fire, balanced-light",REVIEWED
_unique_photoset/DSC_0112.JPG,L0121,drum-marshal,Drum Marshal,COMMON,EARTH,NATURE,lions/common/drum-marshal.jpg,Drum Marshal brings suspiciously strong courtyard ceremony energy to the LionDen collection.,"courtyard, ceremony, group, lion-dance, earth, balanced-light",REVIEWED
_unique_photoset/DSC_0117.JPG,L0122,procession-boss,Procession Boss,COMMON,EARTH,,lions/common/procession-boss.jpg,Procession Boss brings suspiciously strong courtyard ceremony energy to the LionDen collection.,"courtyard, ceremony, group, lion-dance, earth, balanced-light",REVIEWED
_unique_photoset/DSC_0119.JPG,L0123,bonus-guest-specialist,Bonus Guest Specialist,UNCOMMON,EARTH,,lions/uncommon/bonus-guest-specialist.jpg,Bonus Guest Specialist brings suspiciously strong courtyard ceremony energy to the LionDen collection.,"courtyard, ceremony, group, lion-dance, fire, balanced-light",REVIEWED
_unique_photoset/DSC_0122.JPG,L0124,temple-coordinator,Temple Coordinator,COMMON,EARTH,,lions/common/temple-coordinator.jpg,Temple Coordinator brings suspiciously strong courtyard ceremony energy to the LionDen collection.,"courtyard, ceremony, group, lion-dance, shadow, dark",REVIEWED
_unique_photoset/DSC_0126.JPG,L0125,lion-parade-marshal,Lion Parade Marshal,COMMON,EARTH,NATURE,lions/common/lion-parade-marshal.jpg,Lion Parade Marshal brings suspiciously strong courtyard ceremony energy to the LionDen collection.,"courtyard, ceremony, group, lion-dance, earth, balanced-light",REVIEWED
_unique_photoset/DSC_0130.JPG,L0126,protocol-boss,Protocol Boss,COMMON,EARTH,,lions/common/protocol-boss.jpg,Protocol Boss brings suspiciously strong courtyard ceremony energy to the LionDen collection.,"courtyard, ceremony, group, lion-dance, earth, balanced-light",REVIEWED
_unique_photoset/DSC_0132(1).JPG,L0127,boba-supervisor,Boba Supervisor,COMMON,SHADOW,,lions/common/boba-supervisor.jpg,Boba Supervisor brings suspiciously strong night market energy to the LionDen collection.,"night, market, lights, lion-dance, neutral, balanced-light",REVIEWED
_unique_photoset/DSC_0133.JPG,L0128,procession-coordinator,Procession Coordinator,COMMON,EARTH,,lions/common/procession-coordinator.jpg,Procession Coordinator brings suspiciously strong courtyard ceremony energy to the LionDen collection.,"courtyard, ceremony, group, lion-dance, earth, balanced-light",REVIEWED
_unique_photoset/DSC_0136.JPG,L0129,guest-marshal,Guest Marshal,COMMON,EARTH,NATURE,lions/common/guest-marshal.jpg,Guest Marshal brings suspiciously strong courtyard ceremony energy to the LionDen collection.,"courtyard, ceremony, group, lion-dance, earth, balanced-light",REVIEWED
_unique_photoset/DSC_0138.JPG,L0130,temple-boss-overtime,Temple Boss: Overtime,COMMON,EARTH,,lions/common/temple-boss-overtime.jpg,Temple Boss: Overtime brings suspiciously strong courtyard ceremony energy to the LionDen collection.,"courtyard, ceremony, group, lion-dance, earth, balanced-light",REVIEWED
_unique_photoset/DSC_0139.JPG,L0131,lion-parade-specialist,Lion Parade Specialist,COMMON,EARTH,,lions/common/lion-parade-specialist.jpg,Lion Parade Specialist brings suspiciously strong courtyard ceremony energy to the LionDen collection.,"courtyard, ceremony, group, lion-dance, earth, balanced-light",REVIEWED
_unique_photoset/DSC_0140.JPG,L0132,deluxe-protocol-coordinator,Deluxe Protocol Coordinator,RARE,EARTH,,lions/rare/deluxe-protocol-coordinator.jpg,Deluxe Protocol Coordinator brings suspiciously strong courtyard ceremony energy to the LionDen collection.,"courtyard, ceremony, group, lion-dance, fire, balanced-light",REVIEWED
_unique_photoset/DSC_0143.JPG,L0133,bonus-drum-marshal,Bonus Drum Marshal,UNCOMMON,EARTH,NATURE,lions/uncommon/bonus-drum-marshal.jpg,Bonus Drum Marshal brings suspiciously strong courtyard ceremony energy to the LionDen collection.,"courtyard, ceremony, group, lion-dance, fire, balanced-light",REVIEWED
_unique_photoset/DSC_0145.JPG,L0134,procession-boss-second-breakfast,Procession Boss: Second Breakfast,COMMON,EARTH,,lions/common/procession-boss-second-breakfast.jpg,Procession Boss: Second Breakfast brings suspiciously strong courtyard ceremony energy to the LionDen collection.,"courtyard, ceremony, group, lion-dance, earth, balanced-light",REVIEWED
_unique_photoset/DSC_0146.JPG,L0135,guest-specialist,Guest Specialist,COMMON,EARTH,,lions/common/guest-specialist.jpg,Guest Specialist brings suspiciously strong courtyard ceremony energy to the LionDen collection.,"courtyard, ceremony, group, lion-dance, earth, balanced-light",REVIEWED
_unique_photoset/DSC_0148.JPG,L0136,temple-coordinator-second-breakfast,Temple Coordinator: Second Breakfast,COMMON,EARTH,,lions/common/temple-coordinator-second-breakfast.jpg,Temple Coordinator: Second Breakfast brings suspiciously strong courtyard ceremony energy to the LionDen collection.,"courtyard, ceremony, group, lion-dance, shadow, balanced-light",REVIEWED
_unique_photoset/DSC_0149.JPG,L0137,lion-parade-marshal-second-breakfast,Lion Parade Marshal: Second Breakfast,COMMON,EARTH,NATURE,lions/common/lion-parade-marshal-second-breakfast.jpg,Lion Parade Marshal: Second Breakfast brings suspiciously strong courtyard ceremony energy to the LionDen collection.,"courtyard, ceremony, group, lion-dance, earth, balanced-light",REVIEWED
_unique_photoset/DSC_0154.JPG,L0138,protocol-boss-second-breakfast,Protocol Boss: Second Breakfast,COMMON,EARTH,,lions/common/protocol-boss-second-breakfast.jpg,Protocol Boss: Second Breakfast brings suspiciously strong courtyard ceremony energy to the LionDen collection.,"courtyard, ceremony, group, lion-dance, earth, balanced-light",REVIEWED
_unique_photoset/DSC_0155.JPG,L0139,drum-specialist,Drum Specialist,COMMON,EARTH,,lions/common/drum-specialist.jpg,Drum Specialist brings suspiciously strong courtyard ceremony energy to the LionDen collection.,"courtyard, ceremony, group, lion-dance, earth, balanced-light",REVIEWED
_unique_photoset/DSC_0158.JPG,L0140,procession-coordinator-second-breakfast,Procession Coordinator: Second Breakfast,COMMON,EARTH,,lions/common/procession-coordinator-second-breakfast.jpg,Procession Coordinator: Second Breakfast brings suspiciously strong courtyard ceremony energy to the LionDen collection.,"courtyard, ceremony, group, lion-dance, shadow, dark",REVIEWED
_unique_photoset/DSC_0162.JPG,L0141,guest-marshal-second-breakfast,Guest Marshal: Second Breakfast,COMMON,EARTH,NATURE,lions/common/guest-marshal-second-breakfast.jpg,Guest Marshal: Second Breakfast brings suspiciously strong courtyard ceremony energy to the LionDen collection.,"courtyard, ceremony, group, lion-dance, earth, balanced-light",REVIEWED
_unique_photoset/DSC_0165.JPG,L0142,temple-boss-side-quest,Temple Boss: Side Quest,COMMON,EARTH,,lions/common/temple-boss-side-quest.jpg,Temple Boss: Side Quest brings suspiciously strong courtyard ceremony energy to the LionDen collection.,"courtyard, ceremony, group, lion-dance, earth, balanced-light",REVIEWED
_unique_photoset/DSC_0166.JPG,L0143,lion-parade-specialist-second-breakfast,Lion Parade Specialist: Second Breakfast,COMMON,EARTH,,lions/common/lion-parade-specialist-second-breakfast.jpg,Lion Parade Specialist: Second Breakfast brings suspiciously strong courtyard ceremony energy to the LionDen collection.,"courtyard, ceremony, group, lion-dance, earth, balanced-light",REVIEWED
_unique_photoset/DSC_0167.JPG,L0144,protocol-coordinator-second-breakfast,Protocol Coordinator: Second Breakfast,COMMON,EARTH,,lions/common/protocol-coordinator-second-breakfast.jpg,Protocol Coordinator: Second Breakfast brings suspiciously strong courtyard ceremony energy to the LionDen collection.,"courtyard, ceremony, group, lion-dance, earth, balanced-light",REVIEWED
_unique_photoset/DSC_0168.JPG,L0145,drum-marshal-second-breakfast,Drum Marshal: Second Breakfast,COMMON,EARTH,NATURE,lions/common/drum-marshal-second-breakfast.jpg,Drum Marshal: Second Breakfast brings suspiciously strong courtyard ceremony energy to the LionDen collection.,"courtyard, ceremony, group, lion-dance, earth, balanced-light",REVIEWED
_unique_photoset/DSC_0169.JPG,L0146,spicy-procession-boss,Spicy Procession Boss,UNCOMMON,EARTH,,lions/uncommon/spicy-procession-boss.jpg,Spicy Procession Boss brings suspiciously strong courtyard ceremony energy to the LionDen collection.,"courtyard, ceremony, group, lion-dance, fire, balanced-light",REVIEWED
_unique_photoset/DSC_0172.JPG,L0147,guest-specialist-second-breakfast,Guest Specialist: Second Breakfast,COMMON,EARTH,,lions/common/guest-specialist-second-breakfast.jpg,Guest Specialist: Second Breakfast brings suspiciously strong courtyard ceremony energy to the LionDen collection.,"courtyard, ceremony, group, lion-dance, earth, balanced-light",REVIEWED
_unique_photoset/DSC_0175.JPG,L0148,temple-coordinator-overtime,Temple Coordinator: Overtime,COMMON,EARTH,,lions/common/temple-coordinator-overtime.jpg,Temple Coordinator: Overtime brings suspiciously strong courtyard ceremony energy to the LionDen collection.,"courtyard, ceremony, group, lion-dance, earth, balanced-light",REVIEWED
_unique_photoset/DSC_0176.JPG,L0149,extra-lion-parade-marshal,Extra Lion Parade Marshal,UNCOMMON,EARTH,NATURE,lions/uncommon/extra-lion-parade-marshal.jpg,Extra Lion Parade Marshal brings suspiciously strong courtyard ceremony energy to the LionDen collection.,"courtyard, ceremony, group, lion-dance, fire, balanced-light",REVIEWED
_unique_photoset/DSC_0177.JPG,L0150,protocol-boss-overtime,Protocol Boss: Overtime,COMMON,EARTH,,lions/common/protocol-boss-overtime.jpg,Protocol Boss: Overtime brings suspiciously strong courtyard ceremony energy to the LionDen collection.,"courtyard, ceremony, group, lion-dance, earth, balanced-light",REVIEWED
_unique_photoset/DSC_0178.JPG,L0151,drum-specialist-second-breakfast,Drum Specialist: Second Breakfast,COMMON,EARTH,,lions/common/drum-specialist-second-breakfast.jpg,Drum Specialist: Second Breakfast brings suspiciously strong courtyard ceremony energy to the LionDen collection.,"courtyard, ceremony, group, lion-dance, shadow, dark",REVIEWED
_unique_photoset/DSC_0179.JPG,L0152,procession-coordinator-overtime,Procession Coordinator: Overtime,COMMON,EARTH,,lions/common/procession-coordinator-overtime.jpg,Procession Coordinator: Overtime brings suspiciously strong courtyard ceremony energy to the LionDen collection.,"courtyard, ceremony, group, lion-dance, earth, balanced-light",REVIEWED
_unique_photoset/DSC_0195.JPG,L0153,sidequest-manager-overtime,Sidequest Manager: Overtime,COMMON,WIND,LIGHT,lions/common/sidequest-manager-overtime.jpg,Sidequest Manager: Overtime brings suspiciously strong team-life energy to the LionDen collection.,"outdoors, festival, flags, motion, lion-dance, wind, balanced-light",REVIEWED
_unique_photoset/DSC_0197.JPG,L0154,hangout-captain-second-breakfast,Hangout Captain: Second Breakfast,COMMON,WIND,,lions/common/hangout-captain-second-breakfast.jpg,Hangout Captain: Second Breakfast brings suspiciously strong team-life energy to the LionDen collection.,"outdoors, festival, flags, motion, lion-dance, nature, balanced-light",REVIEWED
_unique_photoset/DSC_0201.JPG,L0155,locker-supervisor,Locker Supervisor,COMMON,WIND,,lions/common/locker-supervisor.jpg,Locker Supervisor brings suspiciously strong school performance energy to the LionDen collection.,"outdoors, festival, flags, motion, lion-dance, wind, balanced-light",REVIEWED
_unique_photoset/DSC_0202.JPG,L0156,carpool-boss-overtime,Carpool Boss: Overtime,COMMON,WIND,,lions/common/carpool-boss-overtime.jpg,Carpool Boss: Overtime brings suspiciously strong team-life energy to the LionDen collection.,"outdoors, festival, flags, motion, lion-dance, wind, balanced-light",REVIEWED
_unique_photoset/DSC_0203.JPG,L0157,road-trip-manager-second-breakfast,Road Trip Manager: Second Breakfast,COMMON,WIND,LIGHT,lions/common/road-trip-manager-second-breakfast.jpg,Road Trip Manager: Second Breakfast brings suspiciously strong team-life energy to the LionDen collection.,"outdoors, festival, flags, motion, lion-dance, wind, balanced-light",REVIEWED
_unique_photoset/DSC_0204.JPG,L0158,van-captain-second-breakfast,Van Captain: Second Breakfast,COMMON,WIND,,lions/common/van-captain-second-breakfast.jpg,Van Captain: Second Breakfast brings suspiciously strong team-life energy to the LionDen collection.,"outdoors, festival, flags, motion, lion-dance, wind, balanced-light",REVIEWED
_unique_photoset/DSC_0205.JPG,L0159,sidequest-menace-side-quest,Sidequest Menace: Side Quest,COMMON,WIND,,lions/common/sidequest-menace-side-quest.jpg,Sidequest Menace: Side Quest brings suspiciously strong team-life energy to the LionDen collection.,"outdoors, festival, flags, motion, lion-dance, wind, balanced-light",REVIEWED
_unique_photoset/DSC_0206.JPG,L0160,stage-boss-second-breakfast,Stage Boss: Second Breakfast,COMMON,WIND,,lions/common/stage-boss-second-breakfast.jpg,Stage Boss: Second Breakfast brings suspiciously strong school performance energy to the LionDen collection.,"outdoors, festival, flags, motion, lion-dance, wind, balanced-light",REVIEWED
_unique_photoset/DSC_0207.JPG,L0161,locker-wrangler,Locker Wrangler,COMMON,WIND,LIGHT,lions/common/locker-wrangler.jpg,Locker Wrangler brings suspiciously strong school performance energy to the LionDen collection.,"outdoors, festival, flags, motion, lion-dance, wind, balanced-light",REVIEWED
_unique_photoset/DSC_0208.JPG,L0162,carpool-captain-second-breakfast,Carpool Captain: Second Breakfast,COMMON,WIND,,lions/common/carpool-captain-second-breakfast.jpg,Carpool Captain: Second Breakfast brings suspiciously strong team-life energy to the LionDen collection.,"outdoors, festival, flags, motion, lion-dance, nature, balanced-light",REVIEWED
_unique_photoset/DSC_0209.JPG,L0163,road-trip-menace-overtime,Road Trip Menace: Overtime,COMMON,WIND,,lions/common/road-trip-menace-overtime.jpg,Road Trip Menace: Overtime brings suspiciously strong team-life energy to the LionDen collection.,"outdoors, festival, flags, motion, lion-dance, nature, balanced-light",REVIEWED
_unique_photoset/DSC_0210.JPG,L0164,van-boss-overtime,Van Boss: Overtime,COMMON,WIND,,lions/common/van-boss-overtime.jpg,Van Boss: Overtime brings suspiciously strong team-life energy to the LionDen collection.,"outdoors, festival, flags, motion, lion-dance, wind, balanced-light",REVIEWED
_unique_photoset/DSC_0211.JPG,L0165,sidequest-manager-side-quest,Sidequest Manager: Side Quest,COMMON,WIND,LIGHT,lions/common/sidequest-manager-side-quest.jpg,Sidequest Manager: Side Quest brings suspiciously strong team-life energy to the LionDen collection.,"outdoors, festival, flags, motion, lion-dance, nature, balanced-light",REVIEWED
_unique_photoset/DSC_0212.JPG,L0166,hangout-captain-overtime,Hangout Captain: Overtime,COMMON,WIND,,lions/common/hangout-captain-overtime.jpg,Hangout Captain: Overtime brings suspiciously strong team-life energy to the LionDen collection.,"outdoors, festival, flags, motion, lion-dance, wind, balanced-light",REVIEWED
_unique_photoset/DSC_0219.JPG,L0167,snack-bag-menace-overtime,Snack Bag Menace: Overtime,COMMON,WIND,,lions/common/snack-bag-menace-overtime.jpg,Snack Bag Menace: Overtime brings suspiciously strong team-life energy to the LionDen collection.,"outdoors, festival, flags, motion, lion-dance, nature, balanced-light",REVIEWED
_unique_photoset/DSC_0220.JPG,L0168,field-trip-boss,Field Trip Boss,COMMON,WIND,,lions/common/field-trip-boss.jpg,Field Trip Boss brings suspiciously strong school performance energy to the LionDen collection.,"outdoors, festival, flags, motion, lion-dance, wind, balanced-light",REVIEWED
_unique_photoset/DSC_0221.JPG,L0169,forbidden-bleacher-wrangler,Forbidden Bleacher Wrangler,RARE,WIND,LIGHT,lions/rare/forbidden-bleacher-wrangler.jpg,Forbidden Bleacher Wrangler brings suspiciously strong school performance energy to the LionDen collection.,"outdoors, festival, flags, motion, lion-dance, shadow, dark",REVIEWED
_unique_photoset/DSC_0222.JPG,L0170,van-captain-overtime,Van Captain: Overtime,COMMON,WIND,,lions/common/van-captain-overtime.jpg,Van Captain: Overtime brings suspiciously strong team-life energy to the LionDen collection.,"outdoors, festival, flags, motion, lion-dance, fire, balanced-light",REVIEWED
_unique_photoset/DSC_0223.JPG,L0171,unhinged-sidequest-menace,Unhinged Sidequest Menace,RARE,WIND,,lions/rare/unhinged-sidequest-menace.jpg,Unhinged Sidequest Menace brings suspiciously strong team-life energy to the LionDen collection.,"outdoors, festival, flags, motion, lion-dance, fire, balanced-light",REVIEWED
_unique_photoset/DSC_0230(1).JPG,L0172,mischief-sidewalk-ceo,Mischief Sidewalk CEO,UNCOMMON,SHADOW,,lions/uncommon/mischief-sidewalk-ceo.jpg,Mischief Sidewalk CEO brings suspiciously strong night market energy to the LionDen collection.,"night, market, lights, lion-dance, fire, balanced-light",REVIEWED
_unique_photoset/DSC_0231.JPG,L0173,rare-snack-bag-manager,Rare Snack Bag Manager,RARE,WIND,LIGHT,lions/rare/rare-snack-bag-manager.jpg,Rare Snack Bag Manager brings suspiciously strong team-life energy to the LionDen collection.,"outdoors, festival, flags, motion, lion-dance, fire, balanced-light",REVIEWED
_unique_photoset/DSC_0232.JPG,L0174,extra-carpool-captain,Extra Carpool Captain,UNCOMMON,WIND,,lions/uncommon/extra-carpool-captain.jpg,Extra Carpool Captain brings suspiciously strong team-life energy to the LionDen collection.,"outdoors, festival, flags, motion, lion-dance, fire, balanced-light",REVIEWED
_unique_photoset/DSC_0233.JPG,L0175,official-road-trip-menace,Official Road Trip Menace,UNCOMMON,WIND,,lions/uncommon/official-road-trip-menace.jpg,Official Road Trip Menace brings suspiciously strong team-life energy to the LionDen collection.,"outdoors, festival, flags, motion, lion-dance, fire, balanced-light",REVIEWED
_unique_photoset/DSC_0234.JPG,L0176,spicy-van-boss,Spicy Van Boss,UNCOMMON,WIND,,lions/uncommon/spicy-van-boss.jpg,Spicy Van Boss brings suspiciously strong team-life energy to the LionDen collection.,"outdoors, festival, flags, motion, lion-dance, fire, balanced-light",REVIEWED
_unique_photoset/DSC_0243.JPG,L0177,mischief-sidequest-manager,Mischief Sidequest Manager,UNCOMMON,WIND,LIGHT,lions/uncommon/mischief-sidequest-manager.jpg,Mischief Sidequest Manager brings suspiciously strong team-life energy to the LionDen collection.,"outdoors, festival, flags, motion, lion-dance, fire, balanced-light",REVIEWED
_unique_photoset/DSC_0247.JPG,L0178,rare-hangout-captain,Rare Hangout Captain,RARE,WIND,,lions/rare/rare-hangout-captain.jpg,Rare Hangout Captain brings suspiciously strong team-life energy to the LionDen collection.,"outdoors, festival, flags, motion, lion-dance, fire, balanced-light",REVIEWED
_unique_photoset/DSC_0248.JPG,L0179,extra-snack-bag-menace,Extra Snack Bag Menace,UNCOMMON,WIND,,lions/uncommon/extra-snack-bag-menace.jpg,Extra Snack Bag Menace brings suspiciously strong team-life energy to the LionDen collection.,"outdoors, festival, flags, motion, lion-dance, fire, balanced-light",REVIEWED
_unique_photoset/DSC_0249.JPG,L0180,official-carpool-boss,Official Carpool Boss,UNCOMMON,WIND,,lions/uncommon/official-carpool-boss.jpg,Official Carpool Boss brings suspiciously strong team-life energy to the LionDen collection.,"outdoors, festival, flags, motion, lion-dance, fire, balanced-light",REVIEWED
_unique_photoset/DSC_0250.JPG,L0181,spicy-road-trip-manager,Spicy Road Trip Manager,UNCOMMON,WIND,LIGHT,lions/uncommon/spicy-road-trip-manager.jpg,Spicy Road Trip Manager brings suspiciously strong team-life energy to the LionDen collection.,"outdoors, festival, flags, motion, lion-dance, shadow, balanced-light",REVIEWED
_unique_photoset/DSC_0252.JPG,L0182,deluxe-assembly-captain,Deluxe Assembly Captain,RARE,WIND,,lions/rare/deluxe-assembly-captain.jpg,Deluxe Assembly Captain brings suspiciously strong school performance energy to the LionDen collection.,"outdoors, festival, flags, motion, lion-dance, fire, balanced-light",REVIEWED
_unique_photoset/DSC_0253.JPG,L0183,sidequest-menace-director-s-cut,Sidequest Menace: Director's Cut,COMMON,WIND,,lions/common/sidequest-menace-director-s-cut.jpg,Sidequest Menace: Director's Cut brings suspiciously strong team-life energy to the LionDen collection.,"outdoors, festival, flags, motion, lion-dance, wind, balanced-light",REVIEWED
_unique_photoset/DSC_0254.JPG,L0184,extra-hangout-boss-second-breakfast,Extra Hangout Boss: Second Breakfast,UNCOMMON,WIND,,lions/uncommon/extra-hangout-boss-second-breakfast.jpg,Extra Hangout Boss: Second Breakfast brings suspiciously strong team-life energy to the LionDen collection.,"outdoors, festival, flags, motion, lion-dance, fire, balanced-light",REVIEWED
_unique_photoset/DSC_0255.JPG,L0185,snack-bag-manager-second-breakfast,Snack Bag Manager: Second Breakfast,COMMON,WIND,LIGHT,lions/common/snack-bag-manager-second-breakfast.jpg,Snack Bag Manager: Second Breakfast brings suspiciously strong team-life energy to the LionDen collection.,"outdoors, festival, flags, motion, lion-dance, nature, balanced-light",REVIEWED
_unique_photoset/DSC_0256.JPG,L0186,field-trip-captain,Field Trip Captain,COMMON,WIND,,lions/common/field-trip-captain.jpg,Field Trip Captain brings suspiciously strong school performance energy to the LionDen collection.,"outdoors, festival, flags, motion, lion-dance, nature, balanced-light",REVIEWED
_unique_photoset/DSC_0261.JPG,L0187,road-trip-menace-side-quest,Road Trip Menace: Side Quest,COMMON,WIND,,lions/common/road-trip-menace-side-quest.jpg,Road Trip Menace: Side Quest brings suspiciously strong team-life energy to the LionDen collection.,"outdoors, festival, flags, motion, lion-dance, wind, balanced-light",REVIEWED
_unique_photoset/DSC_0271.JPG,L0188,van-boss-side-quest,Van Boss: Side Quest,COMMON,WIND,,lions/common/van-boss-side-quest.jpg,Van Boss: Side Quest brings suspiciously strong team-life energy to the LionDen collection.,"outdoors, festival, flags, motion, lion-dance, wind, balanced-light",REVIEWED
_unique_photoset/DSC_0273.JPG,L0189,sidequest-manager-director-s-cut,Sidequest Manager: Director's Cut,COMMON,WIND,LIGHT,lions/common/sidequest-manager-director-s-cut.jpg,Sidequest Manager: Director's Cut brings suspiciously strong team-life energy to the LionDen collection.,"outdoors, festival, flags, motion, lion-dance, wind, balanced-light",REVIEWED
_unique_photoset/DSC_0277.JPG,L0190,stage-captain,Stage Captain,COMMON,WIND,,lions/common/stage-captain.jpg,Stage Captain brings suspiciously strong school performance energy to the LionDen collection.,"outdoors, festival, flags, motion, lion-dance, wind, balanced-light",REVIEWED
_unique_photoset/DSC_0278.JPG,L0191,snack-bag-menace-side-quest,Snack Bag Menace: Side Quest,COMMON,WIND,,lions/common/snack-bag-menace-side-quest.jpg,Snack Bag Menace: Side Quest brings suspiciously strong team-life energy to the LionDen collection.,"outdoors, festival, flags, motion, lion-dance, wind, balanced-light",REVIEWED
_unique_photoset/E4CAF04D-B9DD-44C6-8B6B-7A96D45D0BA3DSC_0241.JPG,L0192,carpool-boss-side-quest,Carpool Boss: Side Quest,COMMON,WIND,,lions/common/carpool-boss-side-quest.jpg,Carpool Boss: Side Quest brings suspiciously strong team-life energy to the LionDen collection.,"outdoors, festival, flags, motion, lion-dance, wind, balanced-light",REVIEWED
_unique_photoset/E54CFCD7-CBCA-4A70-BD7A-B3DDF0E31D3BDSC_0283.JPG,L0193,bonus-road-trip-manager,Bonus Road Trip Manager,UNCOMMON,LIGHT,FIRE,lions/uncommon/bonus-road-trip-manager.jpg,Bonus Road Trip Manager brings suspiciously strong team-life energy to the LionDen collection.,"tent, festival, audience, lion-dance, fire, balanced-light",REVIEWED
_unique_photoset/E9B0FCDC-121F-4BF6-A2B7-348C9913D065DSC_0312.JPG,L0194,extra-van-captain-second-breakfast,Extra Van Captain: Second Breakfast,UNCOMMON,NEUTRAL,,lions/uncommon/extra-van-captain-second-breakfast.jpg,Extra Van Captain: Second Breakfast brings suspiciously strong team-life energy to the LionDen collection.,"tent, festival, audience, lion-dance, fire, balanced-light",REVIEWED
_unique_photoset/ECB090DB-5268-4BDF-B210-22A0D482C2A9DSC_0202.JPG,L0195,official-drumline-supervisor,Official Drumline Supervisor,UNCOMMON,WIND,,lions/uncommon/official-drumline-supervisor.jpg,Official Drumline Supervisor brings suspiciously strong school performance energy to the LionDen collection.,"outdoors, festival, flags, motion, lion-dance, fire, balanced-light",REVIEWED
_unique_photoset/ECC65D07-5534-4B0B-8D42-B0CD66BF5E35DSC_0308.JPG,L0196,hangout-boss-second-breakfast,Hangout Boss: Second Breakfast,COMMON,WATER,,lions/common/hangout-boss-second-breakfast.jpg,Hangout Boss: Second Breakfast brings suspiciously strong team-life energy to the LionDen collection.,"tent, festival, audience, lion-dance, neutral, balanced-light",REVIEWED
_unique_photoset/F0D05A4D-5866-40B8-A2F5-3A29415217D4DSC_0290.JPG,L0197,snack-bag-manager-overtime,Snack Bag Manager: Overtime,COMMON,LIGHT,FIRE,lions/common/snack-bag-manager-overtime.jpg,Snack Bag Manager: Overtime brings suspiciously strong team-life energy to the LionDen collection.,"tent, festival, audience, lion-dance, neutral, balanced-light",REVIEWED
_unique_photoset/FBD1436D-22FA-4977-8F16-9F0C0FA9B400DSC_0321.JPG,L0198,carpool-captain-overtime,Carpool Captain: Overtime,COMMON,NEUTRAL,,lions/common/carpool-captain-overtime.jpg,Carpool Captain: Overtime brings suspiciously strong team-life energy to the LionDen collection.,"tent, festival, audience, lion-dance, neutral, balanced-light",REVIEWED
_unique_photoset/IMG_0194.JPG,L0199,forbidden-boba-supervisor,Forbidden Boba Supervisor,RARE,WATER,,lions/rare/forbidden-boba-supervisor.jpg,Forbidden Boba Supervisor brings suspiciously strong night market energy to the LionDen collection.,"lunar-new-year, indoor, neon, group, lion-dance, fire, balanced-light",REVIEWED
_unique_photoset/IMG_0196.JPG,L0200,van-boss-director-s-cut,Van Boss: Director's Cut,COMMON,LIGHT,,lions/common/van-boss-director-s-cut.jpg,Van Boss: Director's Cut brings suspiciously strong team-life energy to the LionDen collection.,"lunar-new-year, indoor, neon, group, lion-dance, shadow, dark",REVIEWED
_unique_photoset/IMG_0199.JPG,L0201,alley-menace-second-breakfast,Alley Menace: Second Breakfast,COMMON,NEUTRAL,,lions/common/alley-menace-second-breakfast.jpg,Alley Menace: Second Breakfast brings suspiciously strong night market energy to the LionDen collection.,"lunar-new-year, indoor, neon, group, lion-dance, shadow, dark",REVIEWED
_unique_photoset/IMG_0200.JPG,L0202,overtime-hangout-captain,Overtime Hangout Captain,EPIC,WATER,,lions/epic/overtime-hangout-captain.jpg,Overtime Hangout Captain brings suspiciously strong team-life energy to the LionDen collection.,"lunar-new-year, indoor, neon, group, lion-dance, fire, balanced-light",REVIEWED
_unique_photoset/IMG_0201.JPG,L0203,bonus-snack-bag-menace,Bonus Snack Bag Menace,UNCOMMON,LIGHT,,lions/uncommon/bonus-snack-bag-menace.jpg,Bonus Snack Bag Menace brings suspiciously strong team-life energy to the LionDen collection.,"lunar-new-year, indoor, neon, group, lion-dance, shadow, dark",REVIEWED
_unique_photoset/IMG_0207.JPG,L0204,extra-carpool-boss,Extra Carpool Boss,UNCOMMON,NEUTRAL,,lions/uncommon/extra-carpool-boss.jpg,Extra Carpool Boss brings suspiciously strong team-life energy to the LionDen collection.,"lunar-new-year, indoor, neon, group, lion-dance, fire, balanced-light",REVIEWED
_unique_photoset/IMG_0243.JPG,L0205,prime-road-trip-manager,Prime Road Trip Manager,RARE,WATER,WIND,lions/rare/prime-road-trip-manager.jpg,Prime Road Trip Manager brings suspiciously strong team-life energy to the LionDen collection.,"lunar-new-year, indoor, neon, group, lion-dance, shadow, balanced-light",NEEDS_REVIEW
_unique_photoset/IMG_0244.JPG,L0206,unhinged-noodle-gremlin,Unhinged Noodle Gremlin,RARE,LIGHT,,lions/rare/unhinged-noodle-gremlin.jpg,Unhinged Noodle Gremlin brings suspiciously strong night market energy to the LionDen collection.,"lunar-new-year, indoor, neon, group, lion-dance, shadow, balanced-light",NEEDS_REVIEW
_unique_photoset/IMG_0245.JPG,L0207,overtime-sidequest-menace,Overtime Sidequest Menace,EPIC,NEUTRAL,,lions/epic/overtime-sidequest-menace.jpg,Overtime Sidequest Menace brings suspiciously strong team-life energy to the LionDen collection.,"lunar-new-year, indoor, neon, group, lion-dance, shadow, balanced-light",NEEDS_REVIEW
_unique_photoset/IMG_0247.JPG,L0208,rare-hangout-boss,Rare Hangout Boss,RARE,WATER,,lions/rare/rare-hangout-boss.jpg,Rare Hangout Boss brings suspiciously strong team-life energy to the LionDen collection.,"lunar-new-year, indoor, neon, group, lion-dance, shadow, balanced-light",NEEDS_REVIEW
_unique_photoset/IMG_0254(1).JPG,L0209,snack-bag-manager-side-quest,Snack Bag Manager: Side Quest,COMMON,LIGHT,FIRE,lions/common/snack-bag-manager-side-quest.jpg,Snack Bag Manager: Side Quest brings suspiciously strong team-life energy to the LionDen collection.,"lunar-new-year, indoor, neon, group, lion-dance, shadow, dark",NEEDS_REVIEW
_unique_photoset/IMG_0256(1).JPG,L0210,carpool-captain-side-quest,Carpool Captain: Side Quest,COMMON,NEUTRAL,,lions/common/carpool-captain-side-quest.jpg,Carpool Captain: Side Quest brings suspiciously strong team-life energy to the LionDen collection.,"lunar-new-year, indoor, neon, group, lion-dance, neutral, balanced-light",NEEDS_REVIEW
_unique_photoset/IMG_0257.JPG,L0211,boba-supervisor-second-breakfast,Boba Supervisor: Second Breakfast,COMMON,WATER,,lions/common/boba-supervisor-second-breakfast.jpg,Boba Supervisor: Second Breakfast brings suspiciously strong night market energy to the LionDen collection.,"lunar-new-year, indoor, neon, group, lion-dance, shadow, dark",NEEDS_REVIEW
_unique_photoset/IMG_0259.JPG,L0212,mischief-van-boss,Mischief Van Boss,UNCOMMON,LIGHT,,lions/uncommon/mischief-van-boss.jpg,Mischief Van Boss brings suspiciously strong team-life energy to the LionDen collection.,"lunar-new-year, indoor, neon, group, lion-dance, shadow, dark",NEEDS_REVIEW
_unique_photoset/IMG_0261(1).JPG,L0213,sidequest-manager-after-party,Sidequest Manager: After Party,COMMON,NEUTRAL,,lions/common/sidequest-manager-after-party.jpg,Sidequest Manager: After Party brings suspiciously strong team-life energy to the LionDen collection.,"lunar-new-year, indoor, neon, group, lion-dance, shadow, dark",NEEDS_REVIEW
_unique_photoset/IMG_0262.JPG,L0214,sidewalk-gremlin-second-breakfast,Sidewalk Gremlin: Second Breakfast,COMMON,WATER,,lions/common/sidewalk-gremlin-second-breakfast.jpg,Sidewalk Gremlin: Second Breakfast brings suspiciously strong night market energy to the LionDen collection.,"lunar-new-year, indoor, neon, group, lion-dance, shadow, balanced-light",NEEDS_REVIEW
_unique_photoset/IMG_0262(1).JPG,L0215,official-glowstick-supervisor,Official Glowstick Supervisor,UNCOMMON,LIGHT,,lions/uncommon/official-glowstick-supervisor.jpg,Official Glowstick Supervisor brings suspiciously strong night market energy to the LionDen collection.,"lunar-new-year, indoor, neon, group, lion-dance, shadow, balanced-light",NEEDS_REVIEW
_unique_photoset/IMG_0263(1).JPG,L0216,carpool-boss-director-s-cut,Carpool Boss: Director's Cut,COMMON,NEUTRAL,,lions/common/carpool-boss-director-s-cut.jpg,Carpool Boss: Director's Cut brings suspiciously strong team-life energy to the LionDen collection.,"lunar-new-year, indoor, neon, group, lion-dance, shadow, dark",NEEDS_REVIEW
_unique_photoset/IMG_0265(1).JPG,L0217,road-trip-manager-overtime,Road Trip Manager: Overtime,COMMON,WATER,WIND,lions/common/road-trip-manager-overtime.jpg,Road Trip Manager: Overtime brings suspiciously strong team-life energy to the LionDen collection.,"lunar-new-year, indoor, neon, group, lion-dance, shadow, dark",NEEDS_REVIEW
_unique_photoset/IMG_0266.JPG,L0218,noodle-gremlin-second-breakfast,Noodle Gremlin: Second Breakfast,COMMON,LIGHT,,lions/common/noodle-gremlin-second-breakfast.jpg,Noodle Gremlin: Second Breakfast brings suspiciously strong night market energy to the LionDen collection.,"lunar-new-year, indoor, neon, group, lion-dance, shadow, dark",NEEDS_REVIEW
_unique_photoset/IMG_0267.JPG,L0219,sidequest-menace-after-party,Sidequest Menace: After Party,COMMON,NEUTRAL,,lions/common/sidequest-menace-after-party.jpg,Sidequest Menace: After Party brings suspiciously strong team-life energy to the LionDen collection.,"lunar-new-year, indoor, neon, group, lion-dance, shadow, balanced-light",NEEDS_REVIEW
_unique_photoset/IMG_0268.JPG,L0220,official-hangout-boss,Official Hangout Boss,UNCOMMON,WATER,,lions/uncommon/official-hangout-boss.jpg,Official Hangout Boss brings suspiciously strong team-life energy to the LionDen collection.,"lunar-new-year, indoor, neon, group, lion-dance, shadow, dark",NEEDS_REVIEW
_unique_photoset/IMG_0269.JPG,L0221,snack-bag-manager-director-s-cut,Snack Bag Manager: Director's Cut,COMMON,LIGHT,FIRE,lions/common/snack-bag-manager-director-s-cut.jpg,Snack Bag Manager: Director's Cut brings suspiciously strong team-life energy to the LionDen collection.,"lunar-new-year, indoor, neon, group, lion-dance, neutral, balanced-light",NEEDS_REVIEW
_unique_photoset/IMG_0270.JPG,L0222,overtime-carpool-captain,Overtime Carpool Captain,EPIC,NEUTRAL,,lions/epic/overtime-carpool-captain.jpg,Overtime Carpool Captain brings suspiciously strong team-life energy to the LionDen collection.,"lunar-new-year, indoor, neon, group, lion-dance, shadow, dark",NEEDS_REVIEW
_unique_photoset/IMG_0270(1).JPG,L0223,boba-supervisor-overtime,Boba Supervisor: Overtime,COMMON,WATER,,lions/common/boba-supervisor-overtime.jpg,Boba Supervisor: Overtime brings suspiciously strong night market energy to the LionDen collection.,"lunar-new-year, indoor, neon, group, lion-dance, shadow, dark",NEEDS_REVIEW
_unique_photoset/IMG_0271.JPG,L0224,forbidden-noodle-ceo-second-breakfast,Forbidden Noodle CEO: Second Breakfast,RARE,LIGHT,,lions/rare/forbidden-noodle-ceo-second-breakfast.jpg,Forbidden Noodle CEO: Second Breakfast brings suspiciously strong night market energy to the LionDen collection.,"lunar-new-year, indoor, neon, group, lion-dance, shadow, balanced-light",NEEDS_REVIEW
_unique_photoset/IMG_0271(1).JPG,L0225,official-alley-menace-second-breakfast,Official Alley Menace: Second Breakfast,UNCOMMON,NEUTRAL,,lions/uncommon/official-alley-menace-second-breakfast.jpg,Official Alley Menace: Second Breakfast brings suspiciously strong night market energy to the LionDen collection.,"lunar-new-year, indoor, neon, group, lion-dance, shadow, dark",NEEDS_REVIEW
_unique_photoset/IMG_0272.JPG,L0226,unhinged-hangout-captain,Unhinged Hangout Captain,RARE,WATER,,lions/rare/unhinged-hangout-captain.jpg,Unhinged Hangout Captain brings suspiciously strong team-life energy to the LionDen collection.,"lunar-new-year, indoor, neon, group, lion-dance, shadow, balanced-light",NEEDS_REVIEW
_unique_photoset/IMG_0272(1).JPG,L0227,mischief-snack-bag-menace,Mischief Snack Bag Menace,UNCOMMON,LIGHT,,lions/uncommon/mischief-snack-bag-menace.jpg,Mischief Snack Bag Menace brings suspiciously strong team-life energy to the LionDen collection.,"lunar-new-year, indoor, neon, group, lion-dance, shadow, dark",NEEDS_REVIEW
_unique_photoset/IMG_0274.JPG,L0228,bonus-carpool-boss,Bonus Carpool Boss,UNCOMMON,NEUTRAL,,lions/uncommon/bonus-carpool-boss.jpg,Bonus Carpool Boss brings suspiciously strong team-life energy to the LionDen collection.,"lunar-new-year, indoor, neon, group, lion-dance, fire, balanced-light",NEEDS_REVIEW
_unique_photoset/IMG_0275.JPG,L0229,extra-road-trip-manager-second-breakfast,Extra Road Trip Manager: Second Breakfast,UNCOMMON,WATER,WIND,lions/uncommon/extra-road-trip-manager-second-breakfast.jpg,Extra Road Trip Manager: Second Breakfast brings suspiciously strong team-life energy to the LionDen collection.,"lunar-new-year, indoor, neon, group, lion-dance, fire, balanced-light",NEEDS_REVIEW
_unique_photoset/IMG_0275(1).JPG,L0230,grand-noodle-gremlin,Grand Noodle Gremlin,EPIC,LIGHT,,lions/epic/grand-noodle-gremlin.jpg,Grand Noodle Gremlin brings suspiciously strong night market energy to the LionDen collection.,"lunar-new-year, indoor, neon, group, lion-dance, shadow, dark",NEEDS_REVIEW
_unique_photoset/IMG_0276.JPG,L0231,spicy-sidequest-menace,Spicy Sidequest Menace,UNCOMMON,NEUTRAL,,lions/uncommon/spicy-sidequest-menace.jpg,Spicy Sidequest Menace brings suspiciously strong team-life energy to the LionDen collection.,"lunar-new-year, indoor, neon, group, lion-dance, fire, balanced-light",NEEDS_REVIEW
_unique_photoset/IMG_0276(1).JPG,L0232,overtime-sidewalk-ceo,Overtime Sidewalk CEO,EPIC,WATER,,lions/epic/overtime-sidewalk-ceo.jpg,Overtime Sidewalk CEO brings suspiciously strong night market energy to the LionDen collection.,"lunar-new-year, indoor, neon, group, lion-dance, shadow, balanced-light",NEEDS_REVIEW
_unique_photoset/IMG_0278(1).JPG,L0233,bonus-snack-bag-manager,Bonus Snack Bag Manager,UNCOMMON,LIGHT,FIRE,lions/uncommon/bonus-snack-bag-manager.jpg,Bonus Snack Bag Manager brings suspiciously strong team-life energy to the LionDen collection.,"lunar-new-year, indoor, neon, group, lion-dance, shadow, dark",NEEDS_REVIEW
_unique_photoset/IMG_0279.JPG,L0234,extra-soy-sauce-gremlin,Extra Soy Sauce Gremlin,UNCOMMON,NEUTRAL,,lions/uncommon/extra-soy-sauce-gremlin.jpg,Extra Soy Sauce Gremlin brings suspiciously strong night market energy to the LionDen collection.,"lunar-new-year, indoor, neon, group, lion-dance, shadow, dark",NEEDS_REVIEW
_unique_photoset/IMG_0279(1).JPG,L0235,grand-boba-supervisor,Grand Boba Supervisor,EPIC,WATER,,lions/epic/grand-boba-supervisor.jpg,Grand Boba Supervisor brings suspiciously strong night market energy to the LionDen collection.,"lunar-new-year, indoor, neon, group, lion-dance, shadow, balanced-light",NEEDS_REVIEW
_unique_photoset/IMG_0280(1).JPG,L0236,noodle-ceo-overtime,Noodle CEO: Overtime,COMMON,LIGHT,,lions/common/noodle-ceo-overtime.jpg,Noodle CEO: Overtime brings suspiciously strong night market energy to the LionDen collection.,"lunar-new-year, indoor, neon, group, lion-dance, shadow, dark",NEEDS_REVIEW
_unique_photoset/IMG_0281.JPG,L0237,overtime-sidequest-manager,Overtime Sidequest Manager,EPIC,NEUTRAL,,lions/epic/overtime-sidequest-manager.jpg,Overtime Sidequest Manager brings suspiciously strong team-life energy to the LionDen collection.,"lunar-new-year, indoor, neon, group, lion-dance, shadow, dark",NEEDS_REVIEW
_unique_photoset/IMG_0282.JPG,L0238,rare-sidewalk-gremlin,Rare Sidewalk Gremlin,RARE,WATER,,lions/rare/rare-sidewalk-gremlin.jpg,Rare Sidewalk Gremlin brings suspiciously strong night market energy to the LionDen collection.,"lunar-new-year, indoor, neon, group, lion-dance, shadow, balanced-light",NEEDS_REVIEW
_unique_photoset/IMG_0282(1).JPG,L0239,extra-snack-bag-menace-second-breakfast,Extra Snack Bag Menace: Second Breakfast,UNCOMMON,LIGHT,,lions/uncommon/extra-snack-bag-menace-second-breakfast.jpg,Extra Snack Bag Menace: Second Breakfast brings suspiciously strong team-life energy to the LionDen collection.,"lunar-new-year, indoor, neon, group, lion-dance, shadow, dark",NEEDS_REVIEW
_unique_photoset/IMG_0283.JPG,L0240,prime-carpool-boss,Prime Carpool Boss,RARE,NEUTRAL,,lions/rare/prime-carpool-boss.jpg,Prime Carpool Boss brings suspiciously strong team-life energy to the LionDen collection.,"lunar-new-year, indoor, neon, group, lion-dance, shadow, balanced-light",NEEDS_REVIEW
_unique_photoset/IMG_0286(1).JPG,L0241,spicy-road-trip-manager-second-breakfast,Spicy Road Trip Manager: Second Breakfast,UNCOMMON,WATER,WIND,lions/uncommon/spicy-road-trip-manager-second-breakfast.jpg,Spicy Road Trip Manager: Second Breakfast brings suspiciously strong team-life energy to the LionDen collection.,"lunar-new-year, indoor, neon, group, lion-dance, shadow, dark",NEEDS_REVIEW
_unique_photoset/IMG_0287.JPG,L0242,deluxe-van-captain,Deluxe Van Captain,RARE,LIGHT,,lions/rare/deluxe-van-captain.jpg,Deluxe Van Captain brings suspiciously strong team-life energy to the LionDen collection.,"lunar-new-year, indoor, neon, group, lion-dance, shadow, balanced-light",NEEDS_REVIEW
_unique_photoset/IMG_0291.JPG,L0243,rare-alley-supervisor,Rare Alley Supervisor,RARE,NEUTRAL,,lions/rare/rare-alley-supervisor.jpg,Rare Alley Supervisor brings suspiciously strong night market energy to the LionDen collection.,"lunar-new-year, indoor, neon, group, lion-dance, fire, balanced-light",NEEDS_REVIEW
_unique_photoset/IMG_0293(1).JPG,L0244,extra-sidewalk-ceo,Extra Sidewalk CEO,UNCOMMON,WATER,,lions/uncommon/extra-sidewalk-ceo.jpg,Extra Sidewalk CEO brings suspiciously strong night market energy to the LionDen collection.,"lunar-new-year, indoor, neon, group, lion-dance, shadow, dark",NEEDS_REVIEW
_unique_photoset/IMG_0294.JPG,L0245,official-snack-bag-manager-second-breakfast,Official Snack Bag Manager: Second Breakfast,UNCOMMON,LIGHT,FIRE,lions/uncommon/official-snack-bag-manager-second-breakfast.jpg,Official Snack Bag Manager: Second Breakfast brings suspiciously strong team-life energy to the LionDen collection.,"lunar-new-year, indoor, neon, group, lion-dance, shadow, dark",NEEDS_REVIEW
_unique_photoset/IMG_0295.JPG,L0246,spicy-carpool-captain-second-breakfast,Spicy Carpool Captain: Second Breakfast,UNCOMMON,NEUTRAL,,lions/uncommon/spicy-carpool-captain-second-breakfast.jpg,Spicy Carpool Captain: Second Breakfast brings suspiciously strong team-life energy to the LionDen collection.,"lunar-new-year, indoor, neon, group, lion-dance, shadow, balanced-light",NEEDS_REVIEW
_unique_photoset/IMG_0296.JPG,L0247,mischief-boba-supervisor,Mischief Boba Supervisor,UNCOMMON,WATER,,lions/uncommon/mischief-boba-supervisor.jpg,Mischief Boba Supervisor brings suspiciously strong night market energy to the LionDen collection.,"lunar-new-year, indoor, neon, group, lion-dance, shadow, dark",NEEDS_REVIEW
_unique_photoset/IMG_0298.JPG,L0248,bonus-van-boss,Bonus Van Boss,UNCOMMON,LIGHT,,lions/uncommon/bonus-van-boss.jpg,Bonus Van Boss brings suspiciously strong team-life energy to the LionDen collection.,"lunar-new-year, indoor, neon, group, lion-dance, fire, balanced-light",NEEDS_REVIEW
_unique_photoset/IMG_0299.JPG,L0249,extra-sidequest-manager,Extra Sidequest Manager,UNCOMMON,NEUTRAL,,lions/uncommon/extra-sidequest-manager.jpg,Extra Sidequest Manager brings suspiciously strong team-life energy to the LionDen collection.,"lunar-new-year, indoor, neon, group, lion-dance, fire, balanced-light",NEEDS_REVIEW
_unique_photoset/IMG_0302.JPG,L0250,official-hangout-captain,Official Hangout Captain,UNCOMMON,WATER,,lions/uncommon/official-hangout-captain.jpg,Official Hangout Captain brings suspiciously strong team-life energy to the LionDen collection.,"lunar-new-year, indoor, neon, group, lion-dance, fire, balanced-light",NEEDS_REVIEW
_unique_photoset/IMG_0305.JPG,L0251,spicy-glowstick-supervisor,Spicy Glowstick Supervisor,UNCOMMON,LIGHT,,lions/uncommon/spicy-glowstick-supervisor.jpg,Spicy Glowstick Supervisor brings suspiciously strong night market energy to the LionDen collection.,"lunar-new-year, indoor, neon, group, lion-dance, shadow, balanced-light",NEEDS_REVIEW
_unique_photoset/IMG_0309.JPG,L0252,mischief-carpool-boss,Mischief Carpool Boss,UNCOMMON,NEUTRAL,,lions/uncommon/mischief-carpool-boss.jpg,Mischief Carpool Boss brings suspiciously strong team-life energy to the LionDen collection.,"lunar-new-year, indoor, neon, group, lion-dance, fire, balanced-light",NEEDS_REVIEW
_unique_photoset/IMG_0312.JPG,L0253,bonus-boba-menace,Bonus Boba Menace,UNCOMMON,WATER,WIND,lions/uncommon/bonus-boba-menace.jpg,Bonus Boba Menace brings suspiciously strong night market energy to the LionDen collection.,"lunar-new-year, indoor, neon, group, lion-dance, shadow, dark",NEEDS_REVIEW
_unique_photoset/IMG_0314.JPG,L0254,extra-van-captain-overtime,Extra Van Captain: Overtime,UNCOMMON,LIGHT,,lions/uncommon/extra-van-captain-overtime.jpg,Extra Van Captain: Overtime brings suspiciously strong team-life energy to the LionDen collection.,"lunar-new-year, indoor, neon, group, lion-dance, shadow, dark",NEEDS_REVIEW
_unique_photoset/IMG_0315.JPG,L0255,official-alley-supervisor,Official Alley Supervisor,UNCOMMON,NEUTRAL,,lions/uncommon/official-alley-supervisor.jpg,Official Alley Supervisor brings suspiciously strong night market energy to the LionDen collection.,"lunar-new-year, indoor, neon, group, lion-dance, shadow, dark",NEEDS_REVIEW
_unique_photoset/IMG_0317.JPG,L0256,spicy-hangout-boss,Spicy Hangout Boss,UNCOMMON,WATER,,lions/uncommon/spicy-hangout-boss.jpg,Spicy Hangout Boss brings suspiciously strong team-life energy to the LionDen collection.,"lunar-new-year, indoor, neon, group, lion-dance, fire, balanced-light",NEEDS_REVIEW
_unique_photoset/IMG_0319.JPG,L0257,mischief-snack-bag-manager,Mischief Snack Bag Manager,UNCOMMON,LIGHT,FIRE,lions/uncommon/mischief-snack-bag-manager.jpg,Mischief Snack Bag Manager brings suspiciously strong team-life energy to the LionDen collection.,"lunar-new-year, indoor, neon, group, lion-dance, fire, balanced-light",NEEDS_REVIEW
_unique_photoset/IMG_0320.JPG,L0258,bonus-soy-sauce-gremlin,Bonus Soy Sauce Gremlin,UNCOMMON,NEUTRAL,,lions/uncommon/bonus-soy-sauce-gremlin.jpg,Bonus Soy Sauce Gremlin brings suspiciously strong night market energy to the LionDen collection.,"lunar-new-year, indoor, neon, group, lion-dance, fire, balanced-light",NEEDS_REVIEW
_unique_photoset/IMG_0321.JPG,L0259,extra-road-trip-menace,Extra Road Trip Menace,UNCOMMON,WATER,,lions/uncommon/extra-road-trip-menace.jpg,Extra Road Trip Menace brings suspiciously strong team-life energy to the LionDen collection.,"lunar-new-year, indoor, neon, group, lion-dance, shadow, balanced-light",NEEDS_REVIEW
_unique_photoset/IMG_0322.JPG,L0260,official-van-boss,Official Van Boss,UNCOMMON,LIGHT,,lions/uncommon/official-van-boss.jpg,Official Van Boss brings suspiciously strong team-life energy to the LionDen collection.,"lunar-new-year, indoor, neon, group, lion-dance, fire, balanced-light",NEEDS_REVIEW
_unique_photoset/IMG_0594.JPG,L0261,guest-marshal-overtime,Guest Marshal: Overtime,COMMON,EARTH,NATURE,lions/common/guest-marshal-overtime.jpg,Guest Marshal: Overtime brings suspiciously strong courtyard ceremony energy to the LionDen collection.,"school, ceremony, drum, group, lion-dance, fire, balanced-light",REVIEWED
_unique_photoset/IMG_0595.JPG,L0262,temple-boss-director-s-cut,Temple Boss: Director's Cut,COMMON,EARTH,,lions/common/temple-boss-director-s-cut.jpg,Temple Boss: Director's Cut brings suspiciously strong courtyard ceremony energy to the LionDen collection.,"school, ceremony, drum, group, lion-dance, metal, balanced-light",REVIEWED
_unique_photoset/IMG_0607.JPG,L0263,lion-parade-specialist-overtime,Lion Parade Specialist: Overtime,COMMON,EARTH,,lions/common/lion-parade-specialist-overtime.jpg,Lion Parade Specialist: Overtime brings suspiciously strong courtyard ceremony energy to the LionDen collection.,"school, ceremony, drum, group, lion-dance, metal, balanced-light",REVIEWED
_unique_photoset/IMG_0608.JPG,L0264,protocol-coordinator-overtime,Protocol Coordinator: Overtime,COMMON,EARTH,,lions/common/protocol-coordinator-overtime.jpg,Protocol Coordinator: Overtime brings suspiciously strong courtyard ceremony energy to the LionDen collection.,"school, ceremony, drum, group, lion-dance, metal, balanced-light",REVIEWED
_unique_photoset/IMG_0609.JPG,L0265,drum-marshal-overtime,Drum Marshal: Overtime,COMMON,EARTH,NATURE,lions/common/drum-marshal-overtime.jpg,Drum Marshal: Overtime brings suspiciously strong courtyard ceremony energy to the LionDen collection.,"school, ceremony, drum, group, lion-dance, metal, balanced-light",REVIEWED
_unique_photoset/IMG_0624.JPG,L0266,procession-boss-overtime,Procession Boss: Overtime,COMMON,EARTH,,lions/common/procession-boss-overtime.jpg,Procession Boss: Overtime brings suspiciously strong courtyard ceremony energy to the LionDen collection.,"school, ceremony, drum, group, lion-dance, metal, balanced-light",REVIEWED
_unique_photoset/IMG_0625.JPG,L0267,guest-specialist-overtime,Guest Specialist: Overtime,COMMON,EARTH,,lions/common/guest-specialist-overtime.jpg,Guest Specialist: Overtime brings suspiciously strong courtyard ceremony energy to the LionDen collection.,"school, ceremony, drum, group, lion-dance, metal, balanced-light",REVIEWED
_unique_photoset/IMG_0626.JPG,L0268,bonus-temple-coordinator,Bonus Temple Coordinator,UNCOMMON,EARTH,,lions/uncommon/bonus-temple-coordinator.jpg,Bonus Temple Coordinator brings suspiciously strong courtyard ceremony energy to the LionDen collection.,"school, ceremony, drum, group, lion-dance, fire, balanced-light",REVIEWED
_unique_photoset/IMG_0633.JPG,L0269,lion-parade-marshal-overtime,Lion Parade Marshal: Overtime,COMMON,EARTH,NATURE,lions/common/lion-parade-marshal-overtime.jpg,Lion Parade Marshal: Overtime brings suspiciously strong courtyard ceremony energy to the LionDen collection.,"school, ceremony, drum, group, lion-dance, metal, balanced-light",REVIEWED
_unique_photoset/IMG_0636.JPG,L0270,protocol-boss-side-quest,Protocol Boss: Side Quest,COMMON,EARTH,,lions/common/protocol-boss-side-quest.jpg,Protocol Boss: Side Quest brings suspiciously strong courtyard ceremony energy to the LionDen collection.,"school, ceremony, drum, group, lion-dance, metal, balanced-light",REVIEWED
_unique_photoset/IMG_0637.JPG,L0271,drum-specialist-overtime,Drum Specialist: Overtime,COMMON,EARTH,,lions/common/drum-specialist-overtime.jpg,Drum Specialist: Overtime brings suspiciously strong courtyard ceremony energy to the LionDen collection.,"school, ceremony, drum, group, lion-dance, metal, balanced-light",REVIEWED
_unique_photoset/IMG_0638.JPG,L0272,procession-coordinator-side-quest,Procession Coordinator: Side Quest,COMMON,EARTH,,lions/common/procession-coordinator-side-quest.jpg,Procession Coordinator: Side Quest brings suspiciously strong courtyard ceremony energy to the LionDen collection.,"school, ceremony, drum, group, lion-dance, metal, balanced-light",REVIEWED
_unique_photoset/IMG_0641.JPG,L0273,guest-marshal-side-quest,Guest Marshal: Side Quest,COMMON,EARTH,NATURE,lions/common/guest-marshal-side-quest.jpg,Guest Marshal: Side Quest brings suspiciously strong courtyard ceremony energy to the LionDen collection.,"school, ceremony, drum, group, lion-dance, metal, balanced-light",REVIEWED
_unique_photoset/IMG_0642.JPG,L0274,temple-boss-after-party,Temple Boss: After Party,COMMON,EARTH,,lions/common/temple-boss-after-party.jpg,Temple Boss: After Party brings suspiciously strong courtyard ceremony energy to the LionDen collection.,"school, ceremony, drum, group, lion-dance, metal, balanced-light",REVIEWED
_unique_photoset/IMG_0643.JPG,L0275,lion-parade-specialist-side-quest,Lion Parade Specialist: Side Quest,COMMON,EARTH,,lions/common/lion-parade-specialist-side-quest.jpg,Lion Parade Specialist: Side Quest brings suspiciously strong courtyard ceremony energy to the LionDen collection.,"school, ceremony, drum, group, lion-dance, metal, balanced-light",REVIEWED
_unique_photoset/IMG_0644.JPG,L0276,protocol-coordinator-side-quest,Protocol Coordinator: Side Quest,COMMON,EARTH,,lions/common/protocol-coordinator-side-quest.jpg,Protocol Coordinator: Side Quest brings suspiciously strong courtyard ceremony energy to the LionDen collection.,"school, ceremony, drum, group, lion-dance, metal, balanced-light",REVIEWED
_unique_photoset/IMG_0646.JPG,L0277,drum-marshal-side-quest,Drum Marshal: Side Quest,COMMON,EARTH,NATURE,lions/common/drum-marshal-side-quest.jpg,Drum Marshal: Side Quest brings suspiciously strong courtyard ceremony energy to the LionDen collection.,"school, ceremony, drum, group, lion-dance, metal, balanced-light",REVIEWED
_unique_photoset/IMG_0647.JPG,L0278,procession-boss-side-quest,Procession Boss: Side Quest,COMMON,EARTH,,lions/common/procession-boss-side-quest.jpg,Procession Boss: Side Quest brings suspiciously strong courtyard ceremony energy to the LionDen collection.,"school, ceremony, drum, group, lion-dance, metal, balanced-light",REVIEWED
_unique_photoset/IMG_0653.JPG,L0279,guest-specialist-side-quest,Guest Specialist: Side Quest,COMMON,EARTH,,lions/common/guest-specialist-side-quest.jpg,Guest Specialist: Side Quest brings suspiciously strong courtyard ceremony energy to the LionDen collection.,"school, ceremony, drum, group, lion-dance, metal, balanced-light",REVIEWED
_unique_photoset/IMG_0676.JPG,L0280,temple-coordinator-side-quest,Temple Coordinator: Side Quest,COMMON,EARTH,,lions/common/temple-coordinator-side-quest.jpg,Temple Coordinator: Side Quest brings suspiciously strong courtyard ceremony energy to the LionDen collection.,"school, ceremony, drum, group, lion-dance, metal, balanced-light",REVIEWED
_unique_photoset/IMG_0855.JPG,L0281,spicy-snack-bag-manager,Spicy Snack Bag Manager,UNCOMMON,NEUTRAL,,lions/uncommon/spicy-snack-bag-manager.jpg,Spicy Snack Bag Manager brings suspiciously strong team-life energy to the LionDen collection.,"event, lion-dance, fire, balanced-light",NEEDS_REVIEW
_unique_photoset/IMG_0856.JPG,L0282,mischief-carpool-captain,Mischief Carpool Captain,UNCOMMON,WIND,,lions/uncommon/mischief-carpool-captain.jpg,Mischief Carpool Captain brings suspiciously strong team-life energy to the LionDen collection.,"outdoors, festival, flags, motion, lion-dance, fire, balanced-light",REVIEWED
_unique_photoset/IMG_0858.JPG,L0283,epic-road-trip-menace,Epic Road Trip Menace,EPIC,WIND,,lions/epic/epic-road-trip-menace.jpg,Epic Road Trip Menace brings suspiciously strong team-life energy to the LionDen collection.,"outdoors, festival, flags, motion, lion-dance, fire, balanced-light",REVIEWED
_unique_photoset/IMG_0859.JPG,L0284,extra-noodle-ceo,Extra Noodle CEO,UNCOMMON,WIND,,lions/uncommon/extra-noodle-ceo.jpg,Extra Noodle CEO brings suspiciously strong night market energy to the LionDen collection.,"outdoors, festival, flags, motion, lion-dance, shadow, dark",REVIEWED
_unique_photoset/IMG_0860.JPG,L0285,prime-sidequest-manager,Prime Sidequest Manager,RARE,WIND,LIGHT,lions/rare/prime-sidequest-manager.jpg,Prime Sidequest Manager brings suspiciously strong team-life energy to the LionDen collection.,"outdoors, festival, flags, motion, lion-dance, fire, balanced-light",REVIEWED
_unique_photoset/IMG_0861.JPG,L0286,hangout-captain-side-quest,Hangout Captain: Side Quest,COMMON,WIND,,lions/common/hangout-captain-side-quest.jpg,Hangout Captain: Side Quest brings suspiciously strong team-life energy to the LionDen collection.,"outdoors, festival, flags, motion, lion-dance, wind, balanced-light",REVIEWED
_unique_photoset/IMG_0863.JPG,L0287,snack-bag-menace-director-s-cut,Snack Bag Menace: Director's Cut,COMMON,WIND,,lions/common/snack-bag-menace-director-s-cut.jpg,Snack Bag Menace: Director's Cut brings suspiciously strong team-life energy to the LionDen collection.,"outdoors, festival, flags, motion, lion-dance, wind, balanced-light",REVIEWED
_unique_photoset/IMG_0864.JPG,L0288,rare-carpool-boss,Rare Carpool Boss,RARE,WIND,,lions/rare/rare-carpool-boss.jpg,Rare Carpool Boss brings suspiciously strong team-life energy to the LionDen collection.,"outdoors, festival, flags, motion, lion-dance, fire, balanced-light",REVIEWED
_unique_photoset/IMG_0865(1).JPG,L0289,extra-boba-menace-second-breakfast,Extra Boba Menace: Second Breakfast,UNCOMMON,WATER,WIND,lions/uncommon/extra-boba-menace-second-breakfast.jpg,Extra Boba Menace: Second Breakfast brings suspiciously strong night market energy to the LionDen collection.,"lunar-new-year, indoor, neon, group, lion-dance, fire, balanced-light",REVIEWED
_unique_photoset/IMG_0867(1).JPG,L0290,official-noodle-gremlin-second-breakfast,Official Noodle Gremlin: Second Breakfast,UNCOMMON,LIGHT,,lions/uncommon/official-noodle-gremlin-second-breakfast.jpg,Official Noodle Gremlin: Second Breakfast brings suspiciously strong night market energy to the LionDen collection.,"lunar-new-year, indoor, neon, group, lion-dance, fire, balanced-light",REVIEWED
_unique_photoset/IMG_0868(1).JPG,L0291,unhinged-sidequest-menace-second-breakfast,Unhinged Sidequest Menace: Second Breakfast,RARE,NEUTRAL,,lions/rare/unhinged-sidequest-menace-second-breakfast.jpg,Unhinged Sidequest Menace: Second Breakfast brings suspiciously strong team-life energy to the LionDen collection.,"lunar-new-year, indoor, neon, group, lion-dance, fire, balanced-light",REVIEWED
_unique_photoset/IMG_0869.JPG,L0292,mischief-stage-boss,Mischief Stage Boss,UNCOMMON,WIND,,lions/uncommon/mischief-stage-boss.jpg,Mischief Stage Boss brings suspiciously strong school performance energy to the LionDen collection.,"outdoors, festival, flags, motion, lion-dance, fire, balanced-light",REVIEWED
_unique_photoset/IMG_0870.JPG,L0293,snack-bag-manager-after-party,Snack Bag Manager: After Party,COMMON,WIND,LIGHT,lions/common/snack-bag-manager-after-party.jpg,Snack Bag Manager: After Party brings suspiciously strong team-life energy to the LionDen collection.,"outdoors, festival, flags, motion, lion-dance, wind, balanced-light",REVIEWED
_unique_photoset/IMG_0870(1).JPG,L0294,carpool-captain-director-s-cut,Carpool Captain: Director's Cut,COMMON,WATER,,lions/common/carpool-captain-director-s-cut.jpg,Carpool Captain: Director's Cut brings suspiciously strong team-life energy to the LionDen collection.,"lunar-new-year, indoor, neon, group, lion-dance, neutral, balanced-light",REVIEWED
_unique_photoset/IMG_0871.JPG,L0295,road-trip-menace-director-s-cut,Road Trip Menace: Director's Cut,COMMON,WIND,,lions/common/road-trip-menace-director-s-cut.jpg,Road Trip Menace: Director's Cut brings suspiciously strong team-life energy to the LionDen collection.,"outdoors, festival, flags, motion, lion-dance, wind, balanced-light",REVIEWED
_unique_photoset/IMG_0872(1).JPG,L0296,noodle-ceo-side-quest,Noodle CEO: Side Quest,COMMON,LIGHT,,lions/common/noodle-ceo-side-quest.jpg,Noodle CEO: Side Quest brings suspiciously strong night market energy to the LionDen collection.,"lunar-new-year, indoor, neon, group, lion-dance, fire, balanced-light",REVIEWED
_unique_photoset/IMG_0873.JPG,L0297,overtime-sidequest-manager-second-breakfast,Overtime Sidequest Manager: Second Breakfast,EPIC,WIND,LIGHT,lions/epic/overtime-sidequest-manager-second-breakfast.jpg,Overtime Sidequest Manager: Second Breakfast brings suspiciously strong team-life energy to the LionDen collection.,"outdoors, festival, flags, motion, lion-dance, fire, balanced-light",REVIEWED
_unique_photoset/IMG_0874(1).JPG,L0298,hangout-captain-director-s-cut,Hangout Captain: Director's Cut,COMMON,NEUTRAL,,lions/common/hangout-captain-director-s-cut.jpg,Hangout Captain: Director's Cut brings suspiciously strong team-life energy to the LionDen collection.,"lunar-new-year, indoor, neon, group, lion-dance, neutral, balanced-light",REVIEWED
_unique_photoset/IMG_0876(1).JPG,L0299,forbidden-snack-bag-menace,Forbidden Snack Bag Menace,RARE,WATER,,lions/rare/forbidden-snack-bag-menace.jpg,Forbidden Snack Bag Menace brings suspiciously strong team-life energy to the LionDen collection.,"lunar-new-year, indoor, neon, group, lion-dance, fire, balanced-light",REVIEWED
_unique_photoset/IMG_0878(1).JPG,L0300,carpool-boss-after-party,Carpool Boss: After Party,COMMON,LIGHT,,lions/common/carpool-boss-after-party.jpg,Carpool Boss: After Party brings suspiciously strong team-life energy to the LionDen collection.,"lunar-new-year, indoor, neon, group, lion-dance, neutral, balanced-light",REVIEWED
_unique_photoset/IMG_0879(1).JPG,L0301,road-trip-manager-side-quest,Road Trip Manager: Side Quest,COMMON,NEUTRAL,,lions/common/road-trip-manager-side-quest.jpg,Road Trip Manager: Side Quest brings suspiciously strong team-life energy to the LionDen collection.,"lunar-new-year, indoor, neon, group, lion-dance, fire, balanced-light",REVIEWED
_unique_photoset/IMG_0883.JPG,L0302,assembly-captain,Assembly Captain,COMMON,WIND,,lions/common/assembly-captain.jpg,Assembly Captain brings suspiciously strong school performance energy to the LionDen collection.,"outdoors, festival, flags, motion, lion-dance, wind, balanced-light",REVIEWED
_unique_photoset/IMG_0884(1).JPG,L0303,sidequest-menace-bonus-round,Sidequest Menace: Bonus Round,COMMON,WATER,,lions/common/sidequest-menace-bonus-round.jpg,Sidequest Menace: Bonus Round brings suspiciously strong team-life energy to the LionDen collection.,"lunar-new-year, indoor, neon, group, lion-dance, neutral, balanced-light",REVIEWED
_unique_photoset/IMG_0885.JPG,L0304,extra-hangout-boss-overtime,Extra Hangout Boss: Overtime,UNCOMMON,WIND,,lions/uncommon/extra-hangout-boss-overtime.jpg,Extra Hangout Boss: Overtime brings suspiciously strong team-life energy to the LionDen collection.,"outdoors, festival, flags, motion, lion-dance, fire, balanced-light",REVIEWED
_unique_photoset/IMG_0886(1).JPG,L0305,snack-bag-manager-bonus-round,Snack Bag Manager: Bonus Round,COMMON,LIGHT,FIRE,lions/common/snack-bag-manager-bonus-round.jpg,Snack Bag Manager: Bonus Round brings suspiciously strong team-life energy to the LionDen collection.,"lunar-new-year, indoor, neon, group, lion-dance, neutral, balanced-light",REVIEWED
_unique_photoset/IMG_0887(1).JPG,L0306,spicy-carpool-captain-overtime,Spicy Carpool Captain: Overtime,UNCOMMON,NEUTRAL,,lions/uncommon/spicy-carpool-captain-overtime.jpg,Spicy Carpool Captain: Overtime brings suspiciously strong team-life energy to the LionDen collection.,"lunar-new-year, indoor, neon, group, lion-dance, fire, balanced-light",REVIEWED
_unique_photoset/IMG_0888(1).JPG,L0307,boba-supervisor-side-quest,Boba Supervisor: Side Quest,COMMON,WATER,,lions/common/boba-supervisor-side-quest.jpg,Boba Supervisor: Side Quest brings suspiciously strong night market energy to the LionDen collection.,"lunar-new-year, indoor, neon, group, lion-dance, neutral, balanced-light",REVIEWED
_unique_photoset/IMG_0891(1).JPG,L0308,van-boss-after-party,Van Boss: After Party,COMMON,LIGHT,,lions/common/van-boss-after-party.jpg,Van Boss: After Party brings suspiciously strong team-life energy to the LionDen collection.,"lunar-new-year, indoor, neon, group, lion-dance, fire, balanced-light",REVIEWED
_unique_photoset/IMG_0892(1).JPG,L0309,sidequest-manager-bonus-round,Sidequest Manager: Bonus Round,COMMON,NEUTRAL,,lions/common/sidequest-manager-bonus-round.jpg,Sidequest Manager: Bonus Round brings suspiciously strong team-life energy to the LionDen collection.,"lunar-new-year, indoor, neon, group, lion-dance, neutral, balanced-light",REVIEWED
_unique_photoset/IMG_0894.JPG,L0310,stage-captain-second-breakfast,Stage Captain: Second Breakfast,COMMON,WIND,,lions/common/stage-captain-second-breakfast.jpg,Stage Captain: Second Breakfast brings suspiciously strong school performance energy to the LionDen collection.,"outdoors, festival, flags, motion, lion-dance, fire, balanced-light",REVIEWED
_unique_photoset/IMG_0895.JPG,L0311,snack-bag-menace-after-party,Snack Bag Menace: After Party,COMMON,WIND,,lions/common/snack-bag-menace-after-party.jpg,Snack Bag Menace: After Party brings suspiciously strong team-life energy to the LionDen collection.,"outdoors, festival, flags, motion, lion-dance, fire, balanced-light",REVIEWED
_unique_photoset/IMG_0895(1).JPG,L0312,carpool-boss-bonus-round,Carpool Boss: Bonus Round,COMMON,WATER,,lions/common/carpool-boss-bonus-round.jpg,Carpool Boss: Bonus Round brings suspiciously strong team-life energy to the LionDen collection.,"lunar-new-year, indoor, neon, group, lion-dance, neutral, balanced-light",REVIEWED
_unique_photoset/IMG_0896.JPG,L0313,bonus-road-trip-manager-second-breakfast,Bonus Road Trip Manager: Second Breakfast,UNCOMMON,WIND,LIGHT,lions/uncommon/bonus-road-trip-manager-second-breakfast.jpg,Bonus Road Trip Manager: Second Breakfast brings suspiciously strong team-life energy to the LionDen collection.,"outdoors, festival, flags, motion, lion-dance, fire, balanced-light",REVIEWED
_unique_photoset/IMG_0897.JPG,L0314,van-captain-side-quest,Van Captain: Side Quest,COMMON,WIND,,lions/common/van-captain-side-quest.jpg,Van Captain: Side Quest brings suspiciously strong team-life energy to the LionDen collection.,"outdoors, festival, flags, motion, lion-dance, fire, balanced-light",REVIEWED
_unique_photoset/IMG_0897(1).JPG,L0315,alley-supervisor-second-breakfast,Alley Supervisor: Second Breakfast,COMMON,LIGHT,,lions/common/alley-supervisor-second-breakfast.jpg,Alley Supervisor: Second Breakfast brings suspiciously strong night market energy to the LionDen collection.,"lunar-new-year, indoor, neon, group, lion-dance, neutral, balanced-light",REVIEWED
_unique_photoset/IMG_0898.JPG,L0316,spicy-hangout-boss-second-breakfast,Spicy Hangout Boss: Second Breakfast,UNCOMMON,WIND,,lions/uncommon/spicy-hangout-boss-second-breakfast.jpg,Spicy Hangout Boss: Second Breakfast brings suspiciously strong team-life energy to the LionDen collection.,"outdoors, festival, flags, motion, lion-dance, fire, balanced-light",REVIEWED
_unique_photoset/IMG_0899.JPG,L0317,snack-bag-manager-lunch-break,Snack Bag Manager: Lunch Break,COMMON,WIND,LIGHT,lions/common/snack-bag-manager-lunch-break.jpg,Snack Bag Manager: Lunch Break brings suspiciously strong team-life energy to the LionDen collection.,"outdoors, festival, flags, motion, lion-dance, fire, balanced-light",REVIEWED
_unique_photoset/IMG_0899(1).JPG,L0318,soy-sauce-gremlin-second-breakfast,Soy Sauce Gremlin: Second Breakfast,COMMON,NEUTRAL,,lions/common/soy-sauce-gremlin-second-breakfast.jpg,Soy Sauce Gremlin: Second Breakfast brings suspiciously strong night market energy to the LionDen collection.,"lunar-new-year, indoor, neon, group, lion-dance, neutral, balanced-light",REVIEWED
_unique_photoset/IMG_0900.JPG,L0319,extra-road-trip-menace-second-breakfast,Extra Road Trip Menace: Second Breakfast,UNCOMMON,WIND,,lions/uncommon/extra-road-trip-menace-second-breakfast.jpg,Extra Road Trip Menace: Second Breakfast brings suspiciously strong team-life energy to the LionDen collection.,"outdoors, festival, flags, motion, lion-dance, fire, balanced-light",REVIEWED
_unique_photoset/IMG_0901.JPG,L0320,van-boss-bonus-round,Van Boss: Bonus Round,COMMON,WIND,,lions/common/van-boss-bonus-round.jpg,Van Boss: Bonus Round brings suspiciously strong team-life energy to the LionDen collection.,"outdoors, festival, flags, motion, lion-dance, wind, balanced-light",REVIEWED
_unique_photoset/IMG_0901(1).JPG,L0321,alley-menace-overtime,Alley Menace: Overtime,COMMON,WATER,WIND,lions/common/alley-menace-overtime.jpg,Alley Menace: Overtime brings suspiciously strong night market energy to the LionDen collection.,"lunar-new-year, indoor, neon, group, lion-dance, neutral, balanced-light",REVIEWED
_unique_photoset/IMG_0902.JPG,L0322,overtime-hangout-captain-second-breakfast,Overtime Hangout Captain: Second Breakfast,EPIC,WIND,,lions/epic/overtime-hangout-captain-second-breakfast.jpg,Overtime Hangout Captain: Second Breakfast brings suspiciously strong team-life energy to the LionDen collection.,"outdoors, festival, flags, motion, lion-dance, shadow, balanced-light",REVIEWED
_unique_photoset/IMG_0903(1).JPG,L0323,snack-bag-menace-bonus-round,Snack Bag Menace: Bonus Round,COMMON,LIGHT,,lions/common/snack-bag-menace-bonus-round.jpg,Snack Bag Menace: Bonus Round brings suspiciously strong team-life energy to the LionDen collection.,"lunar-new-year, indoor, neon, group, lion-dance, neutral, balanced-light",REVIEWED
_unique_photoset/IMG_0904(1).JPG,L0324,carpool-boss-lunch-break,Carpool Boss: Lunch Break,COMMON,NEUTRAL,,lions/common/carpool-boss-lunch-break.jpg,Carpool Boss: Lunch Break brings suspiciously strong team-life energy to the LionDen collection.,"lunar-new-year, indoor, neon, group, lion-dance, neutral, balanced-light",REVIEWED
_unique_photoset/IMG_0906(1).JPG,L0325,road-trip-manager-director-s-cut,Road Trip Manager: Director's Cut,COMMON,WATER,WIND,lions/common/road-trip-manager-director-s-cut.jpg,Road Trip Manager: Director's Cut brings suspiciously strong team-life energy to the LionDen collection.,"lunar-new-year, indoor, neon, group, lion-dance, neutral, balanced-light",REVIEWED
_unique_photoset/IMG_0908.JPG,L0326,van-captain-director-s-cut,Van Captain: Director's Cut,COMMON,WIND,,lions/common/van-captain-director-s-cut.jpg,Van Captain: Director's Cut brings suspiciously strong team-life energy to the LionDen collection.,"outdoors, festival, flags, motion, lion-dance, fire, balanced-light",REVIEWED
_unique_photoset/IMG_0909(1).JPG,L0327,mischief-sidequest-menace,Mischief Sidequest Menace,UNCOMMON,LIGHT,,lions/uncommon/mischief-sidequest-menace.jpg,Mischief Sidequest Menace brings suspiciously strong team-life energy to the LionDen collection.,"lunar-new-year, indoor, neon, group, lion-dance, fire, balanced-light",REVIEWED
_unique_photoset/IMG_0910.JPG,L0328,hangout-boss-overtime,Hangout Boss: Overtime,COMMON,WIND,,lions/common/hangout-boss-overtime.jpg,Hangout Boss: Overtime brings suspiciously strong team-life energy to the LionDen collection.,"outdoors, festival, flags, motion, lion-dance, wind, balanced-light",REVIEWED
_unique_photoset/IMG_0914.JPG,L0329,snack-bag-manager-final-form,Snack Bag Manager: Final Form,COMMON,NEUTRAL,,lions/common/snack-bag-manager-final-form.jpg,Snack Bag Manager: Final Form brings suspiciously strong team-life energy to the LionDen collection.,"event, lion-dance, neutral, balanced-light",NEEDS_REVIEW
_unique_photoset/IMG_0920.JPG,L0330,official-carpool-captain,Official Carpool Captain,UNCOMMON,NATURE,,lions/uncommon/official-carpool-captain.jpg,Official Carpool Captain brings suspiciously strong team-life energy to the LionDen collection.,"team, hangout, portrait, casual, shadow, dark",NEEDS_REVIEW
_unique_photoset/IMG_0922.JPG,L0331,spicy-road-trip-menace,Spicy Road Trip Menace,UNCOMMON,NATURE,,lions/uncommon/spicy-road-trip-menace.jpg,Spicy Road Trip Menace brings suspiciously strong team-life energy to the LionDen collection.,"team, hangout, portrait, casual, shadow, dark",NEEDS_REVIEW
_unique_photoset/IMG_0927.JPG,L0332,mischief-van-boss-second-breakfast,Mischief Van Boss: Second Breakfast,UNCOMMON,NATURE,,lions/uncommon/mischief-van-boss-second-breakfast.jpg,Mischief Van Boss: Second Breakfast brings suspiciously strong team-life energy to the LionDen collection.,"team, hangout, portrait, casual, shadow, dark",NEEDS_REVIEW
_unique_photoset/IMG_0928.JPG,L0333,bonus-sidequest-manager,Bonus Sidequest Manager,UNCOMMON,NATURE,WATER,lions/uncommon/bonus-sidequest-manager.jpg,Bonus Sidequest Manager brings suspiciously strong team-life energy to the LionDen collection.,"team, hangout, portrait, casual, shadow, dark",NEEDS_REVIEW
_unique_photoset/IMG_0929.JPG,L0334,forbidden-sidewalk-gremlin,Forbidden Sidewalk Gremlin,RARE,NATURE,,lions/rare/forbidden-sidewalk-gremlin.jpg,Forbidden Sidewalk Gremlin brings suspiciously strong night market energy to the LionDen collection.,"team, hangout, portrait, casual, shadow, dark",NEEDS_REVIEW
_unique_photoset/IMG_0930.JPG,L0335,official-snack-bag-menace,Official Snack Bag Menace,UNCOMMON,NATURE,,lions/uncommon/official-snack-bag-menace.jpg,Official Snack Bag Menace brings suspiciously strong team-life energy to the LionDen collection.,"team, hangout, portrait, casual, shadow, dark",NEEDS_REVIEW
_unique_photoset/IMG_0932.JPG,L0336,soy-sauce-ceo-overtime,Soy Sauce CEO: Overtime,COMMON,NATURE,,lions/common/soy-sauce-ceo-overtime.jpg,Soy Sauce CEO: Overtime brings suspiciously strong night market energy to the LionDen collection.,"team, hangout, portrait, casual, shadow, dark",NEEDS_REVIEW
_unique_photoset/IMG_0934.JPG,L0337,road-trip-manager-after-party,Road Trip Manager: After Party,COMMON,NATURE,WATER,lions/common/road-trip-manager-after-party.jpg,Road Trip Manager: After Party brings suspiciously strong team-life energy to the LionDen collection.,"team, hangout, portrait, casual, shadow, dark",NEEDS_REVIEW
_unique_photoset/IMG_0936.JPG,L0338,noodle-gremlin-overtime,Noodle Gremlin: Overtime,COMMON,NATURE,,lions/common/noodle-gremlin-overtime.jpg,Noodle Gremlin: Overtime brings suspiciously strong night market energy to the LionDen collection.,"team, hangout, portrait, casual, shadow, dark",NEEDS_REVIEW
_unique_photoset/IMG_0938.JPG,L0339,sidequest-menace-lunch-break,Sidequest Menace: Lunch Break,COMMON,NATURE,,lions/common/sidequest-menace-lunch-break.jpg,Sidequest Menace: Lunch Break brings suspiciously strong team-life energy to the LionDen collection.,"team, hangout, portrait, casual, neutral, balanced-light",NEEDS_REVIEW
_unique_photoset/IMG_0939.JPG,L0340,hangout-boss-side-quest,Hangout Boss: Side Quest,COMMON,NATURE,,lions/common/hangout-boss-side-quest.jpg,Hangout Boss: Side Quest brings suspiciously strong team-life energy to the LionDen collection.,"team, hangout, portrait, casual, neutral, balanced-light",NEEDS_REVIEW
_unique_photoset/IMG_0940.JPG,L0341,snack-bag-manager-with-sauce,Snack Bag Manager: With Sauce,COMMON,NATURE,WATER,lions/common/snack-bag-manager-with-sauce.jpg,Snack Bag Manager: With Sauce brings suspiciously strong team-life energy to the LionDen collection.,"team, hangout, portrait, casual, neutral, balanced-light",NEEDS_REVIEW
_unique_photoset/IMG_0941.JPG,L0342,mischief-carpool-captain-second-breakfast,Mischief Carpool Captain: Second Breakfast,UNCOMMON,NATURE,,lions/uncommon/mischief-carpool-captain-second-breakfast.jpg,Mischief Carpool Captain: Second Breakfast brings suspiciously strong team-life energy to the LionDen collection.,"team, hangout, portrait, casual, shadow, dark",NEEDS_REVIEW
_unique_photoset/IMG_0942.JPG,L0343,bonus-road-trip-menace,Bonus Road Trip Menace,UNCOMMON,NATURE,,lions/uncommon/bonus-road-trip-menace.jpg,Bonus Road Trip Menace brings suspiciously strong team-life energy to the LionDen collection.,"team, hangout, portrait, casual, shadow, dark",NEEDS_REVIEW
_unique_photoset/IMG_0943.JPG,L0344,mythic-noodle-ceo,Mythic Noodle CEO,EPIC,NATURE,,lions/epic/mythic-noodle-ceo.jpg,Mythic Noodle CEO brings suspiciously strong night market energy to the LionDen collection.,"team, hangout, portrait, casual, shadow, dark",NEEDS_REVIEW
_unique_photoset/IMG_0944.JPG,L0345,prime-sidequest-manager-second-breakfast,Prime Sidequest Manager: Second Breakfast,RARE,NATURE,WATER,lions/rare/prime-sidequest-manager-second-breakfast.jpg,Prime Sidequest Manager: Second Breakfast brings suspiciously strong team-life energy to the LionDen collection.,"team, hangout, portrait, casual, shadow, dark",NEEDS_REVIEW
_unique_photoset/IMG_0945.JPG,L0346,spicy-hangout-captain-second-breakfast,Spicy Hangout Captain: Second Breakfast,UNCOMMON,NATURE,,lions/uncommon/spicy-hangout-captain-second-breakfast.jpg,Spicy Hangout Captain: Second Breakfast brings suspiciously strong team-life energy to the LionDen collection.,"team, hangout, portrait, casual, shadow, balanced-light",NEEDS_REVIEW
_unique_photoset/IMG_0946.JPG,L0347,mischief-snack-bag-menace-second-breakfast,Mischief Snack Bag Menace: Second Breakfast,UNCOMMON,NATURE,,lions/uncommon/mischief-snack-bag-menace-second-breakfast.jpg,Mischief Snack Bag Menace: Second Breakfast brings suspiciously strong team-life energy to the LionDen collection.,"team, hangout, portrait, casual, shadow, dark",NEEDS_REVIEW
_unique_photoset/IMG_0947.JPG,L0348,soy-sauce-ceo-side-quest,Soy Sauce CEO: Side Quest,COMMON,NATURE,,lions/common/soy-sauce-ceo-side-quest.jpg,Soy Sauce CEO: Side Quest brings suspiciously strong night market energy to the LionDen collection.,"team, hangout, portrait, casual, shadow, balanced-light",NEEDS_REVIEW
_unique_photoset/IMG_0948.JPG,L0349,road-trip-manager-bonus-round,Road Trip Manager: Bonus Round,COMMON,NATURE,WATER,lions/common/road-trip-manager-bonus-round.jpg,Road Trip Manager: Bonus Round brings suspiciously strong team-life energy to the LionDen collection.,"team, hangout, portrait, casual, shadow, balanced-light",NEEDS_REVIEW
_unique_photoset/IMG_0949.JPG,L0350,official-van-captain-second-breakfast,Official Van Captain: Second Breakfast,UNCOMMON,NATURE,,lions/uncommon/official-van-captain-second-breakfast.jpg,Official Van Captain: Second Breakfast brings suspiciously strong team-life energy to the LionDen collection.,"team, hangout, portrait, casual, fire, balanced-light",NEEDS_REVIEW
_unique_photoset/IMG_0950.JPG,L0351,unhinged-alley-supervisor,Unhinged Alley Supervisor,RARE,NATURE,,lions/rare/unhinged-alley-supervisor.jpg,Unhinged Alley Supervisor brings suspiciously strong night market energy to the LionDen collection.,"team, hangout, portrait, casual, shadow, dark",NEEDS_REVIEW
_unique_photoset/IMG_0951.JPG,L0352,deluxe-hangout-boss,Deluxe Hangout Boss,RARE,NATURE,,lions/rare/deluxe-hangout-boss.jpg,Deluxe Hangout Boss brings suspiciously strong team-life energy to the LionDen collection.,"team, hangout, portrait, casual, shadow, dark",NEEDS_REVIEW
_unique_photoset/IMG_0952.JPG,L0353,rare-snack-bag-manager-second-breakfast,Rare Snack Bag Manager: Second Breakfast,RARE,NATURE,WATER,lions/rare/rare-snack-bag-manager-second-breakfast.jpg,Rare Snack Bag Manager: Second Breakfast brings suspiciously strong team-life energy to the LionDen collection.,"team, hangout, portrait, casual, shadow, dark",NEEDS_REVIEW
_unique_photoset/IMG_0953.JPG,L0354,forbidden-carpool-captain,Forbidden Carpool Captain,RARE,NATURE,,lions/rare/forbidden-carpool-captain.jpg,Forbidden Carpool Captain brings suspiciously strong team-life energy to the LionDen collection.,"team, hangout, portrait, casual, shadow, dark",NEEDS_REVIEW
_unique_photoset/IMG_0954.JPG,L0355,official-boba-supervisor-second-breakfast,Official Boba Supervisor: Second Breakfast,UNCOMMON,NATURE,,lions/uncommon/official-boba-supervisor-second-breakfast.jpg,Official Boba Supervisor: Second Breakfast brings suspiciously strong night market energy to the LionDen collection.,"team, hangout, portrait, casual, shadow, dark",NEEDS_REVIEW
_unique_photoset/IMG_0955.JPG,L0356,unhinged-van-boss,Unhinged Van Boss,RARE,NATURE,,lions/rare/unhinged-van-boss.jpg,Unhinged Van Boss brings suspiciously strong team-life energy to the LionDen collection.,"team, hangout, portrait, casual, shadow, dark",NEEDS_REVIEW
_unique_photoset/IMG_0957.JPG,L0357,deluxe-sidequest-manager,Deluxe Sidequest Manager,RARE,NATURE,WATER,lions/rare/deluxe-sidequest-manager.jpg,Deluxe Sidequest Manager brings suspiciously strong team-life energy to the LionDen collection.,"team, hangout, portrait, casual, shadow, dark",NEEDS_REVIEW
_unique_photoset/IMG_0958.JPG,L0358,bonus-sidewalk-gremlin,Bonus Sidewalk Gremlin,UNCOMMON,NATURE,,lions/uncommon/bonus-sidewalk-gremlin.jpg,Bonus Sidewalk Gremlin brings suspiciously strong night market energy to the LionDen collection.,"team, hangout, portrait, casual, shadow, dark",NEEDS_REVIEW
_unique_photoset/IMG_0959.JPG,L0359,mythic-snack-bag-menace,Mythic Snack Bag Menace,EPIC,NATURE,,lions/epic/mythic-snack-bag-menace.jpg,Mythic Snack Bag Menace brings suspiciously strong team-life energy to the LionDen collection.,"team, hangout, portrait, casual, shadow, dark",NEEDS_REVIEW
_unique_photoset/IMG_0961.JPG,L0360,grand-soy-sauce-ceo,Grand Soy Sauce CEO,EPIC,NATURE,,lions/epic/grand-soy-sauce-ceo.jpg,Grand Soy Sauce CEO brings suspiciously strong night market energy to the LionDen collection.,"team, hangout, portrait, casual, shadow, dark",NEEDS_REVIEW
_unique_photoset/IMG_0962.JPG,L0361,chaos-road-trip-manager,Chaos Road Trip Manager,EPIC,NATURE,WATER,lions/epic/chaos-road-trip-manager.jpg,Chaos Road Trip Manager brings suspiciously strong team-life energy to the LionDen collection.,"team, hangout, portrait, casual, shadow, dark",NEEDS_REVIEW
_unique_photoset/IMG_0963.JPG,L0362,mischief-van-captain,Mischief Van Captain,UNCOMMON,NATURE,,lions/uncommon/mischief-van-captain.jpg,Mischief Van Captain brings suspiciously strong team-life energy to the LionDen collection.,"team, hangout, portrait, casual, shadow, dark",NEEDS_REVIEW
_unique_photoset/IMG_0964.JPG,L0363,sidequest-menace-final-form,Sidequest Menace: Final Form,COMMON,NATURE,,lions/common/sidequest-menace-final-form.jpg,Sidequest Menace: Final Form brings suspiciously strong team-life energy to the LionDen collection.,"team, hangout, portrait, casual, shadow, balanced-light",NEEDS_REVIEW
_unique_photoset/IMG_2693.JPG,L0364,forbidden-sidewalk-ceo,Forbidden Sidewalk CEO,RARE,METAL,,lions/rare/forbidden-sidewalk-ceo.jpg,Forbidden Sidewalk CEO brings suspiciously strong night market energy to the LionDen collection.,"stage, spotlight, lanterns, performance, lion-dance, shadow, balanced-light",REVIEWED
_unique_photoset/IMG_2694.JPG,L0365,prime-glowstick-menace,Prime Glowstick Menace,RARE,METAL,EARTH,lions/rare/prime-glowstick-menace.jpg,Prime Glowstick Menace brings suspiciously strong night market energy to the LionDen collection.,"stage, spotlight, lanterns, performance, lion-dance, shadow, dark",REVIEWED
_unique_photoset/IMG_2695.JPG,L0366,soy-sauce-gremlin-overtime,Soy Sauce Gremlin: Overtime,COMMON,METAL,,lions/common/soy-sauce-gremlin-overtime.jpg,Soy Sauce Gremlin: Overtime brings suspiciously strong night market energy to the LionDen collection.,"stage, spotlight, lanterns, performance, lion-dance, shadow, dark",REVIEWED
_unique_photoset/IMG_3822.JPG,L0367,bleacher-supervisor,Bleacher Supervisor,COMMON,WATER,,lions/common/bleacher-supervisor.jpg,Bleacher Supervisor brings suspiciously strong school performance energy to the LionDen collection.,"community, church, crowd, lion-dance, fire, balanced-light",REVIEWED
_unique_photoset/IMG_3823.JPG,L0368,bonus-assembly-boss,Bonus Assembly Boss,UNCOMMON,LIGHT,,lions/uncommon/bonus-assembly-boss.jpg,Bonus Assembly Boss brings suspiciously strong school performance energy to the LionDen collection.,"community, church, crowd, lion-dance, fire, balanced-light",REVIEWED
_unique_photoset/IMG_3824.JPG,L0369,drumline-wrangler,Drumline Wrangler,COMMON,NEUTRAL,,lions/common/drumline-wrangler.jpg,Drumline Wrangler brings suspiciously strong school performance energy to the LionDen collection.,"community, church, crowd, lion-dance, fire, balanced-light",REVIEWED
_unique_photoset/IMG_3825.JPG,L0370,stage-captain-overtime,Stage Captain: Overtime,COMMON,WATER,,lions/common/stage-captain-overtime.jpg,Stage Captain: Overtime brings suspiciously strong school performance energy to the LionDen collection.,"community, church, crowd, lion-dance, neutral, balanced-light",REVIEWED
_unique_photoset/IMG_3826.JPG,L0371,locker-supervisor-second-breakfast,Locker Supervisor: Second Breakfast,COMMON,LIGHT,,lions/common/locker-supervisor-second-breakfast.jpg,Locker Supervisor: Second Breakfast brings suspiciously strong school performance energy to the LionDen collection.,"community, church, crowd, lion-dance, shadow, balanced-light",REVIEWED
_unique_photoset/IMG_3827.JPG,L0372,field-trip-boss-second-breakfast,Field Trip Boss: Second Breakfast,COMMON,NEUTRAL,,lions/common/field-trip-boss-second-breakfast.jpg,Field Trip Boss: Second Breakfast brings suspiciously strong school performance energy to the LionDen collection.,"community, church, crowd, lion-dance, neutral, balanced-light",REVIEWED
_unique_photoset/IMG_3828.JPG,L0373,bonus-bleacher-wrangler,Bonus Bleacher Wrangler,UNCOMMON,WATER,WIND,lions/uncommon/bonus-bleacher-wrangler.jpg,Bonus Bleacher Wrangler brings suspiciously strong school performance energy to the LionDen collection.,"community, church, crowd, lion-dance, fire, balanced-light",REVIEWED
_unique_photoset/IMG_3829.JPG,L0374,assembly-captain-second-breakfast,Assembly Captain: Second Breakfast,COMMON,LIGHT,,lions/common/assembly-captain-second-breakfast.jpg,Assembly Captain: Second Breakfast brings suspiciously strong school performance energy to the LionDen collection.,"community, church, crowd, lion-dance, neutral, balanced-light",REVIEWED
_unique_photoset/IMG_3831.JPG,L0375,drumline-supervisor,Drumline Supervisor,COMMON,NEUTRAL,,lions/common/drumline-supervisor.jpg,Drumline Supervisor brings suspiciously strong school performance energy to the LionDen collection.,"community, church, crowd, lion-dance, neutral, balanced-light",REVIEWED
_unique_photoset/IMG_3832.JPG,L0376,unhinged-sidewalk-ceo,Unhinged Sidewalk CEO,RARE,WATER,,lions/rare/unhinged-sidewalk-ceo.jpg,Unhinged Sidewalk CEO brings suspiciously strong night market energy to the LionDen collection.,"community, church, crowd, lion-dance, shadow, balanced-light",REVIEWED
_unique_photoset/IMG_3833.JPG,L0377,mischief-locker-wrangler,Mischief Locker Wrangler,UNCOMMON,LIGHT,FIRE,lions/uncommon/mischief-locker-wrangler.jpg,Mischief Locker Wrangler brings suspiciously strong school performance energy to the LionDen collection.,"community, church, crowd, lion-dance, fire, balanced-light",REVIEWED
_unique_photoset/IMG_3834.JPG,L0378,epic-field-trip-captain,Epic Field Trip Captain,EPIC,NEUTRAL,,lions/epic/epic-field-trip-captain.jpg,Epic Field Trip Captain brings suspiciously strong school performance energy to the LionDen collection.,"community, church, crowd, lion-dance, fire, balanced-light",REVIEWED
_unique_photoset/IMG_4061.JPG,L0379,extra-bleacher-supervisor,Extra Bleacher Supervisor,UNCOMMON,WATER,,lions/uncommon/extra-bleacher-supervisor.jpg,Extra Bleacher Supervisor brings suspiciously strong school performance energy to the LionDen collection.,"community, church, crowd, lion-dance, fire, balanced-light",REVIEWED
_unique_photoset/IMG_4062.JPG,L0380,official-assembly-boss,Official Assembly Boss,UNCOMMON,METAL,,lions/uncommon/official-assembly-boss.jpg,Official Assembly Boss brings suspiciously strong school performance energy to the LionDen collection.,"community, church, crowd, lion-dance, fire, balanced-light",REVIEWED
_unique_photoset/IMG_4063.JPG,L0381,drumline-wrangler-second-breakfast,Drumline Wrangler: Second Breakfast,COMMON,LIGHT,FIRE,lions/common/drumline-wrangler-second-breakfast.jpg,Drumline Wrangler: Second Breakfast brings suspiciously strong school performance energy to the LionDen collection.,"community, church, crowd, lion-dance, neutral, balanced-light",REVIEWED
_unique_photoset/IMG_4064.JPG,L0382,deluxe-stage-captain,Deluxe Stage Captain,RARE,NEUTRAL,,lions/rare/deluxe-stage-captain.jpg,Deluxe Stage Captain brings suspiciously strong school performance energy to the LionDen collection.,"community, church, crowd, lion-dance, fire, balanced-light",REVIEWED
_unique_photoset/IMG_4065.JPG,L0383,epic-locker-supervisor,Epic Locker Supervisor,EPIC,WATER,,lions/epic/epic-locker-supervisor.jpg,Epic Locker Supervisor brings suspiciously strong school performance energy to the LionDen collection.,"community, church, crowd, lion-dance, fire, balanced-light",REVIEWED
_unique_photoset/IMG_4066.JPG,L0384,extra-field-trip-boss,Extra Field Trip Boss,UNCOMMON,METAL,,lions/uncommon/extra-field-trip-boss.jpg,Extra Field Trip Boss brings suspiciously strong school performance energy to the LionDen collection.,"community, church, crowd, lion-dance, fire, balanced-light",REVIEWED
_unique_photoset/IMG_4067.JPG,L0385,bleacher-wrangler,Bleacher Wrangler,COMMON,LIGHT,FIRE,lions/common/bleacher-wrangler.jpg,Bleacher Wrangler brings suspiciously strong school performance energy to the LionDen collection.,"community, church, crowd, lion-dance, neutral, balanced-light",REVIEWED
_unique_photoset/IMG_4068.JPG,L0386,assembly-captain-overtime,Assembly Captain: Overtime,COMMON,NEUTRAL,,lions/common/assembly-captain-overtime.jpg,Assembly Captain: Overtime brings suspiciously strong school performance energy to the LionDen collection.,"community, church, crowd, lion-dance, neutral, balanced-light",REVIEWED
_unique_photoset/IMG_4069.JPG,L0387,overtime-drumline-supervisor,Overtime Drumline Supervisor,EPIC,WATER,,lions/epic/overtime-drumline-supervisor.jpg,Overtime Drumline Supervisor brings suspiciously strong school performance energy to the LionDen collection.,"community, church, crowd, lion-dance, shadow, balanced-light",REVIEWED
_unique_photoset/IMG_4070.JPG,L0388,bonus-stage-boss,Bonus Stage Boss,UNCOMMON,METAL,,lions/uncommon/bonus-stage-boss.jpg,Bonus Stage Boss brings suspiciously strong school performance energy to the LionDen collection.,"community, church, crowd, lion-dance, fire, balanced-light",REVIEWED
_unique_photoset/IMG_4071.JPG,L0389,mythic-locker-wrangler,Mythic Locker Wrangler,EPIC,LIGHT,FIRE,lions/epic/mythic-locker-wrangler.jpg,Mythic Locker Wrangler brings suspiciously strong school performance energy to the LionDen collection.,"community, church, crowd, lion-dance, water, balanced-light",REVIEWED
_unique_photoset/IMG_4073.JPG,L0390,grand-field-trip-captain,Grand Field Trip Captain,EPIC,NEUTRAL,,lions/epic/grand-field-trip-captain.jpg,Grand Field Trip Captain brings suspiciously strong school performance energy to the LionDen collection.,"community, church, crowd, lion-dance, fire, balanced-light",REVIEWED
_unique_photoset/IMG_4074.JPG,L0391,unhinged-bleacher-supervisor,Unhinged Bleacher Supervisor,RARE,WATER,,lions/rare/unhinged-bleacher-supervisor.jpg,Unhinged Bleacher Supervisor brings suspiciously strong school performance energy to the LionDen collection.,"community, church, crowd, lion-dance, fire, balanced-light",REVIEWED
_unique_photoset/IMG_4075.JPG,L0392,overtime-assembly-boss,Overtime Assembly Boss,EPIC,METAL,,lions/epic/overtime-assembly-boss.jpg,Overtime Assembly Boss brings suspiciously strong school performance energy to the LionDen collection.,"community, church, crowd, lion-dance, fire, balanced-light",REVIEWED
_unique_photoset/IMG_4076.JPG,L0393,bonus-drumline-wrangler,Bonus Drumline Wrangler,UNCOMMON,LIGHT,FIRE,lions/uncommon/bonus-drumline-wrangler.jpg,Bonus Drumline Wrangler brings suspiciously strong school performance energy to the LionDen collection.,"community, church, crowd, lion-dance, fire, balanced-light",REVIEWED
_unique_photoset/IMG_4077.JPG,L0394,stage-captain-side-quest,Stage Captain: Side Quest,COMMON,NEUTRAL,,lions/common/stage-captain-side-quest.jpg,Stage Captain: Side Quest brings suspiciously strong school performance energy to the LionDen collection.,"community, church, crowd, lion-dance, fire, balanced-light",REVIEWED
_unique_photoset/IMG_4115.JPG,L0395,glowstick-supervisor-overtime,Glowstick Supervisor: Overtime,COMMON,SHADOW,,lions/common/glowstick-supervisor-overtime.jpg,Glowstick Supervisor: Overtime brings suspiciously strong night market energy to the LionDen collection.,"night, market, lights, lion-dance, neutral, balanced-light",REVIEWED
_unique_photoset/IMG_4116(1).JPG,L0396,carpool-boss-final-form,Carpool Boss: Final Form,COMMON,WATER,,lions/common/carpool-boss-final-form.jpg,Carpool Boss: Final Form brings suspiciously strong team-life energy to the LionDen collection.,"lunar-new-year, indoor, neon, group, lion-dance, fire, balanced-light",REVIEWED
_unique_photoset/IMG_4117(1).JPG,L0397,road-trip-manager-lunch-break,Road Trip Manager: Lunch Break,COMMON,METAL,EARTH,lions/common/road-trip-manager-lunch-break.jpg,Road Trip Manager: Lunch Break brings suspiciously strong team-life energy to the LionDen collection.,"lunar-new-year, indoor, neon, group, lion-dance, neutral, balanced-light",REVIEWED
_unique_photoset/IMG_4118(1).JPG,L0398,noodle-gremlin-side-quest,Noodle Gremlin: Side Quest,COMMON,LIGHT,,lions/common/noodle-gremlin-side-quest.jpg,Noodle Gremlin: Side Quest brings suspiciously strong night market energy to the LionDen collection.,"lunar-new-year, indoor, neon, group, lion-dance, neutral, balanced-light",REVIEWED
_unique_photoset/IMG_4120(1).JPG,L0399,sidequest-menace-with-sauce,Sidequest Menace: With Sauce,COMMON,NEUTRAL,,lions/common/sidequest-menace-with-sauce.jpg,Sidequest Menace: With Sauce brings suspiciously strong team-life energy to the LionDen collection.,"lunar-new-year, indoor, neon, group, lion-dance, neutral, balanced-light",REVIEWED
_unique_photoset/IMG_4121(1).JPG,L0400,hangout-boss-director-s-cut,Hangout Boss: Director's Cut,COMMON,WATER,,lions/common/hangout-boss-director-s-cut.jpg,Hangout Boss: Director's Cut brings suspiciously strong team-life energy to the LionDen collection.,"lunar-new-year, indoor, neon, group, lion-dance, neutral, balanced-light",REVIEWED
_unique_photoset/IMG_4122(1).JPG,L0401,glowstick-menace-second-breakfast,Glowstick Menace: Second Breakfast,COMMON,METAL,EARTH,lions/common/glowstick-menace-second-breakfast.jpg,Glowstick Menace: Second Breakfast brings suspiciously strong night market energy to the LionDen collection.,"lunar-new-year, indoor, neon, group, lion-dance, neutral, balanced-light",REVIEWED
_unique_photoset/IMG_4123.JPG,L0402,soy-sauce-gremlin-side-quest,Soy Sauce Gremlin: Side Quest,COMMON,SHADOW,,lions/common/soy-sauce-gremlin-side-quest.jpg,Soy Sauce Gremlin: Side Quest brings suspiciously strong night market energy to the LionDen collection.,"night, market, lights, lion-dance, neutral, balanced-light",REVIEWED
_unique_photoset/IMG_4124.JPG,L0403,boba-supervisor-director-s-cut,Boba Supervisor: Director's Cut,COMMON,SHADOW,,lions/common/boba-supervisor-director-s-cut.jpg,Boba Supervisor: Director's Cut brings suspiciously strong night market energy to the LionDen collection.,"night, market, lights, lion-dance, fire, balanced-light",REVIEWED
_unique_photoset/IMG_4125(1).JPG,L0404,extra-van-boss,Extra Van Boss,UNCOMMON,LIGHT,,lions/uncommon/extra-van-boss.jpg,Extra Van Boss brings suspiciously strong team-life energy to the LionDen collection.,"lunar-new-year, indoor, neon, group, lion-dance, fire, balanced-light",REVIEWED
_unique_photoset/IMG_4129.JPG,L0405,alley-menace-side-quest,Alley Menace: Side Quest,COMMON,SHADOW,FIRE,lions/common/alley-menace-side-quest.jpg,Alley Menace: Side Quest brings suspiciously strong night market energy to the LionDen collection.,"night, market, lights, lion-dance, neutral, balanced-light",REVIEWED
_unique_photoset/IMG_4130.JPG,L0406,sidewalk-gremlin-overtime,Sidewalk Gremlin: Overtime,COMMON,SHADOW,,lions/common/sidewalk-gremlin-overtime.jpg,Sidewalk Gremlin: Overtime brings suspiciously strong night market energy to the LionDen collection.,"night, market, lights, lion-dance, neutral, balanced-light",REVIEWED
_unique_photoset/IMG_4133.JPG,L0407,glowstick-supervisor-side-quest,Glowstick Supervisor: Side Quest,COMMON,SHADOW,,lions/common/glowstick-supervisor-side-quest.jpg,Glowstick Supervisor: Side Quest brings suspiciously strong night market energy to the LionDen collection.,"night, market, lights, lion-dance, neutral, balanced-light",REVIEWED
_unique_photoset/IMG_4135.JPG,L0408,soy-sauce-ceo-director-s-cut,Soy Sauce CEO: Director's Cut,COMMON,SHADOW,,lions/common/soy-sauce-ceo-director-s-cut.jpg,Soy Sauce CEO: Director's Cut brings suspiciously strong night market energy to the LionDen collection.,"night, market, lights, lion-dance, neutral, balanced-light",REVIEWED
_unique_photoset/IMG_4137.JPG,L0409,boba-menace-second-breakfast,Boba Menace: Second Breakfast,COMMON,SHADOW,FIRE,lions/common/boba-menace-second-breakfast.jpg,Boba Menace: Second Breakfast brings suspiciously strong night market energy to the LionDen collection.,"night, market, lights, lion-dance, neutral, balanced-light",REVIEWED
_unique_photoset/IMG_4138.JPG,L0410,noodle-gremlin-director-s-cut,Noodle Gremlin: Director's Cut,COMMON,SHADOW,,lions/common/noodle-gremlin-director-s-cut.jpg,Noodle Gremlin: Director's Cut brings suspiciously strong night market energy to the LionDen collection.,"night, market, lights, lion-dance, shadow, balanced-light",REVIEWED
_unique_photoset/IMG_4139.JPG,L0411,alley-supervisor-overtime,Alley Supervisor: Overtime,COMMON,SHADOW,,lions/common/alley-supervisor-overtime.jpg,Alley Supervisor: Overtime brings suspiciously strong night market energy to the LionDen collection.,"night, market, lights, lion-dance, neutral, balanced-light",REVIEWED
_unique_photoset/IMG_4140.JPG,L0412,sidewalk-ceo-second-breakfast,Sidewalk CEO: Second Breakfast,COMMON,SHADOW,,lions/common/sidewalk-ceo-second-breakfast.jpg,Sidewalk CEO: Second Breakfast brings suspiciously strong night market energy to the LionDen collection.,"night, market, lights, lion-dance, neutral, balanced-light",REVIEWED
_unique_photoset/IMG_4141.JPG,L0413,glowstick-menace-overtime,Glowstick Menace: Overtime,COMMON,SHADOW,FIRE,lions/common/glowstick-menace-overtime.jpg,Glowstick Menace: Overtime brings suspiciously strong night market energy to the LionDen collection.,"night, market, lights, lion-dance, neutral, balanced-light",REVIEWED
_unique_photoset/IMG_4286.JPG,L0414,carpool-captain-after-party,Carpool Captain: After Party,COMMON,NEUTRAL,,lions/common/carpool-captain-after-party.jpg,Carpool Captain: After Party brings suspiciously strong team-life energy to the LionDen collection.,"wedding, ballroom, pink-lights, guests, lion-dance, neutral, balanced-light",REVIEWED
_unique_photoset/IMG_4287.JPG,L0415,road-trip-menace-after-party,Road Trip Menace: After Party,COMMON,WATER,,lions/common/road-trip-menace-after-party.jpg,Road Trip Menace: After Party brings suspiciously strong team-life energy to the LionDen collection.,"wedding, ballroom, pink-lights, guests, lion-dance, neutral, balanced-light",REVIEWED
_unique_photoset/IMG_4288.JPG,L0416,spicy-van-boss-second-breakfast,Spicy Van Boss: Second Breakfast,UNCOMMON,METAL,,lions/uncommon/spicy-van-boss-second-breakfast.jpg,Spicy Van Boss: Second Breakfast brings suspiciously strong team-life energy to the LionDen collection.,"wedding, ballroom, pink-lights, guests, lion-dance, water, balanced-light",REVIEWED
_unique_photoset/IMG_4289.JPG,L0417,sidequest-manager-lunch-break,Sidequest Manager: Lunch Break,COMMON,LIGHT,FIRE,lions/common/sidequest-manager-lunch-break.jpg,Sidequest Manager: Lunch Break brings suspiciously strong team-life energy to the LionDen collection.,"wedding, ballroom, pink-lights, guests, lion-dance, neutral, balanced-light",REVIEWED
_unique_photoset/IMG_4291.JPG,L0418,hangout-captain-after-party,Hangout Captain: After Party,COMMON,NEUTRAL,,lions/common/hangout-captain-after-party.jpg,Hangout Captain: After Party brings suspiciously strong team-life energy to the LionDen collection.,"wedding, ballroom, pink-lights, guests, lion-dance, neutral, balanced-light",REVIEWED
_unique_photoset/IMG_4292.JPG,L0419,snack-bag-menace-lunch-break,Snack Bag Menace: Lunch Break,COMMON,WATER,,lions/common/snack-bag-menace-lunch-break.jpg,Snack Bag Menace: Lunch Break brings suspiciously strong team-life energy to the LionDen collection.,"wedding, ballroom, pink-lights, guests, lion-dance, neutral, balanced-light",REVIEWED
_unique_photoset/IMG_4294.JPG,L0420,carpool-boss-with-sauce,Carpool Boss: With Sauce,COMMON,METAL,,lions/common/carpool-boss-with-sauce.jpg,Carpool Boss: With Sauce brings suspiciously strong team-life energy to the LionDen collection.,"wedding, ballroom, pink-lights, guests, lion-dance, neutral, balanced-light",REVIEWED
_unique_photoset/IMG_4295.JPG,L0421,road-trip-manager-final-form,Road Trip Manager: Final Form,COMMON,LIGHT,FIRE,lions/common/road-trip-manager-final-form.jpg,Road Trip Manager: Final Form brings suspiciously strong team-life energy to the LionDen collection.,"wedding, ballroom, pink-lights, guests, lion-dance, neutral, balanced-light",REVIEWED
_unique_photoset/IMG_4296.JPG,L0422,deluxe-van-captain-second-breakfast,Deluxe Van Captain: Second Breakfast,RARE,NEUTRAL,,lions/rare/deluxe-van-captain-second-breakfast.jpg,Deluxe Van Captain: Second Breakfast brings suspiciously strong team-life energy to the LionDen collection.,"wedding, ballroom, pink-lights, guests, lion-dance, fire, balanced-light",REVIEWED
_unique_photoset/IMG_4298.JPG,L0423,bonus-sidequest-menace,Bonus Sidequest Menace,UNCOMMON,WATER,,lions/uncommon/bonus-sidequest-menace.jpg,Bonus Sidequest Menace brings suspiciously strong team-life energy to the LionDen collection.,"wedding, ballroom, pink-lights, guests, lion-dance, fire, balanced-light",REVIEWED
_unique_photoset/IMG_4300.JPG,L0424,extra-hangout-boss-side-quest,Extra Hangout Boss: Side Quest,UNCOMMON,METAL,,lions/uncommon/extra-hangout-boss-side-quest.jpg,Extra Hangout Boss: Side Quest brings suspiciously strong team-life energy to the LionDen collection.,"wedding, ballroom, pink-lights, guests, lion-dance, fire, balanced-light",NEEDS_REVIEW
_unique_photoset/IMG_4301.JPG,L0425,snack-bag-manager-no-refunds,Snack Bag Manager: No Refunds,COMMON,LIGHT,FIRE,lions/common/snack-bag-manager-no-refunds.jpg,Snack Bag Manager: No Refunds brings suspiciously strong team-life energy to the LionDen collection.,"wedding, ballroom, pink-lights, guests, lion-dance, neutral, balanced-light",NEEDS_REVIEW
_unique_photoset/IMG_4302.JPG,L0426,carpool-captain-bonus-round,Carpool Captain: Bonus Round,COMMON,NEUTRAL,,lions/common/carpool-captain-bonus-round.jpg,Carpool Captain: Bonus Round brings suspiciously strong team-life energy to the LionDen collection.,"wedding, ballroom, pink-lights, guests, lion-dance, neutral, balanced-light",NEEDS_REVIEW
_unique_photoset/IMG_4305.JPG,L0427,road-trip-menace-bonus-round,Road Trip Menace: Bonus Round,COMMON,WATER,,lions/common/road-trip-menace-bonus-round.jpg,Road Trip Menace: Bonus Round brings suspiciously strong team-life energy to the LionDen collection.,"wedding, ballroom, pink-lights, guests, lion-dance, neutral, balanced-light",NEEDS_REVIEW
_unique_photoset/IMG_4306.JPG,L0428,van-boss-lunch-break,Van Boss: Lunch Break,COMMON,METAL,,lions/common/van-boss-lunch-break.jpg,Van Boss: Lunch Break brings suspiciously strong team-life energy to the LionDen collection.,"wedding, ballroom, pink-lights, guests, lion-dance, neutral, balanced-light",NEEDS_REVIEW
_unique_photoset/IMG_4308.JPG,L0429,sidequest-manager-final-form,Sidequest Manager: Final Form,COMMON,LIGHT,FIRE,lions/common/sidequest-manager-final-form.jpg,Sidequest Manager: Final Form brings suspiciously strong team-life energy to the LionDen collection.,"wedding, ballroom, pink-lights, guests, lion-dance, neutral, balanced-light",NEEDS_REVIEW
_unique_photoset/IMG_4309.JPG,L0430,hangout-captain-bonus-round,Hangout Captain: Bonus Round,COMMON,NEUTRAL,,lions/common/hangout-captain-bonus-round.jpg,Hangout Captain: Bonus Round brings suspiciously strong team-life energy to the LionDen collection.,"wedding, ballroom, pink-lights, guests, lion-dance, neutral, balanced-light",NEEDS_REVIEW
_unique_photoset/IMG_4310.JPG,L0431,snack-bag-menace-final-form,Snack Bag Menace: Final Form,COMMON,WATER,,lions/common/snack-bag-menace-final-form.jpg,Snack Bag Menace: Final Form brings suspiciously strong team-life energy to the LionDen collection.,"wedding, ballroom, pink-lights, guests, lion-dance, neutral, balanced-light",NEEDS_REVIEW
_unique_photoset/IMG_4311.JPG,L0432,carpool-boss-no-refunds,Carpool Boss: No Refunds,COMMON,METAL,,lions/common/carpool-boss-no-refunds.jpg,Carpool Boss: No Refunds brings suspiciously strong team-life energy to the LionDen collection.,"wedding, ballroom, pink-lights, guests, lion-dance, neutral, balanced-light",NEEDS_REVIEW
_unique_photoset/IMG_4312.JPG,L0433,road-trip-manager-with-sauce,Road Trip Manager: With Sauce,COMMON,LIGHT,FIRE,lions/common/road-trip-manager-with-sauce.jpg,Road Trip Manager: With Sauce brings suspiciously strong team-life energy to the LionDen collection.,"wedding, ballroom, pink-lights, guests, lion-dance, neutral, balanced-light",NEEDS_REVIEW
_unique_photoset/IMG_4313.JPG,L0434,van-captain-after-party,Van Captain: After Party,COMMON,NEUTRAL,,lions/common/van-captain-after-party.jpg,Van Captain: After Party brings suspiciously strong team-life energy to the LionDen collection.,"wedding, ballroom, pink-lights, guests, lion-dance, neutral, balanced-light",NEEDS_REVIEW
_unique_photoset/IMG_4314.JPG,L0435,sidequest-menace-no-refunds,Sidequest Menace: No Refunds,COMMON,WATER,,lions/common/sidequest-menace-no-refunds.jpg,Sidequest Menace: No Refunds brings suspiciously strong team-life energy to the LionDen collection.,"wedding, ballroom, pink-lights, guests, lion-dance, neutral, balanced-light",NEEDS_REVIEW
_unique_photoset/IMG_4316.JPG,L0436,hangout-boss-after-party,Hangout Boss: After Party,COMMON,METAL,,lions/common/hangout-boss-after-party.jpg,Hangout Boss: After Party brings suspiciously strong team-life energy to the LionDen collection.,"wedding, ballroom, pink-lights, guests, lion-dance, neutral, balanced-light",NEEDS_REVIEW
_unique_photoset/IMG_4318.JPG,L0437,snack-bag-manager-unsupervised,Snack Bag Manager: Unsupervised,COMMON,LIGHT,FIRE,lions/common/snack-bag-manager-unsupervised.jpg,Snack Bag Manager: Unsupervised brings suspiciously strong team-life energy to the LionDen collection.,"wedding, ballroom, pink-lights, guests, lion-dance, neutral, balanced-light",NEEDS_REVIEW
_unique_photoset/IMG_4320.JPG,L0438,carpool-captain-lunch-break,Carpool Captain: Lunch Break,COMMON,NEUTRAL,,lions/common/carpool-captain-lunch-break.jpg,Carpool Captain: Lunch Break brings suspiciously strong team-life energy to the LionDen collection.,"wedding, ballroom, pink-lights, guests, lion-dance, neutral, balanced-light",NEEDS_REVIEW
_unique_photoset/IMG_4321.JPG,L0439,road-trip-menace-lunch-break,Road Trip Menace: Lunch Break,COMMON,WATER,,lions/common/road-trip-menace-lunch-break.jpg,Road Trip Menace: Lunch Break brings suspiciously strong team-life energy to the LionDen collection.,"wedding, ballroom, pink-lights, guests, lion-dance, neutral, balanced-light",NEEDS_REVIEW
_unique_photoset/IMG_4322.JPG,L0440,van-boss-final-form,Van Boss: Final Form,COMMON,METAL,,lions/common/van-boss-final-form.jpg,Van Boss: Final Form brings suspiciously strong team-life energy to the LionDen collection.,"wedding, ballroom, pink-lights, guests, lion-dance, neutral, balanced-light",NEEDS_REVIEW
_unique_photoset/IMG_4323.JPG,L0441,sidequest-manager-with-sauce,Sidequest Manager: With Sauce,COMMON,NATURE,WATER,lions/common/sidequest-manager-with-sauce.jpg,Sidequest Manager: With Sauce brings suspiciously strong team-life energy to the LionDen collection.,"wedding, ballroom, pink-lights, guests, lion-dance, neutral, balanced-light",NEEDS_REVIEW
_unique_photoset/IMG_4325.JPG,L0442,hangout-captain-lunch-break,Hangout Captain: Lunch Break,COMMON,LIGHT,,lions/common/hangout-captain-lunch-break.jpg,Hangout Captain: Lunch Break brings suspiciously strong team-life energy to the LionDen collection.,"wedding, ballroom, pink-lights, guests, lion-dance, neutral, balanced-light",NEEDS_REVIEW
_unique_photoset/IMG_4326.JPG,L0443,snack-bag-menace-with-sauce,Snack Bag Menace: With Sauce,COMMON,NEUTRAL,,lions/common/snack-bag-menace-with-sauce.jpg,Snack Bag Menace: With Sauce brings suspiciously strong team-life energy to the LionDen collection.,"wedding, ballroom, pink-lights, guests, lion-dance, neutral, balanced-light",NEEDS_REVIEW
_unique_photoset/IMG_4327.JPG,L0444,carpool-boss-unsupervised,Carpool Boss: Unsupervised,COMMON,WATER,,lions/common/carpool-boss-unsupervised.jpg,Carpool Boss: Unsupervised brings suspiciously strong team-life energy to the LionDen collection.,"wedding, ballroom, pink-lights, guests, lion-dance, water, balanced-light",NEEDS_REVIEW
_unique_photoset/IMG_4328.JPG,L0445,road-trip-manager-no-refunds,Road Trip Manager: No Refunds,COMMON,METAL,EARTH,lions/common/road-trip-manager-no-refunds.jpg,Road Trip Manager: No Refunds brings suspiciously strong team-life energy to the LionDen collection.,"wedding, ballroom, pink-lights, guests, lion-dance, neutral, balanced-light",NEEDS_REVIEW
_unique_photoset/IMG_4331.JPG,L0446,van-captain-bonus-round,Van Captain: Bonus Round,COMMON,NATURE,,lions/common/van-captain-bonus-round.jpg,Van Captain: Bonus Round brings suspiciously strong team-life energy to the LionDen collection.,"wedding, ballroom, pink-lights, guests, lion-dance, neutral, balanced-light",NEEDS_REVIEW
_unique_photoset/IMG_4333.JPG,L0447,sidequest-menace-unsupervised,Sidequest Menace: Unsupervised,COMMON,LIGHT,,lions/common/sidequest-menace-unsupervised.jpg,Sidequest Menace: Unsupervised brings suspiciously strong team-life energy to the LionDen collection.,"wedding, ballroom, pink-lights, guests, lion-dance, water, balanced-light",NEEDS_REVIEW
_unique_photoset/IMG_4334.JPG,L0448,bonus-hangout-boss,Bonus Hangout Boss,UNCOMMON,NEUTRAL,,lions/uncommon/bonus-hangout-boss.jpg,Bonus Hangout Boss brings suspiciously strong team-life energy to the LionDen collection.,"wedding, ballroom, pink-lights, guests, lion-dance, water, balanced-light",NEEDS_REVIEW
_unique_photoset/IMG_4335.JPG,L0449,snack-bag-manager-extra-crispy,Snack Bag Manager: Extra Crispy,COMMON,WATER,WIND,lions/common/snack-bag-manager-extra-crispy.jpg,Snack Bag Manager: Extra Crispy brings suspiciously strong team-life energy to the LionDen collection.,"wedding, ballroom, pink-lights, guests, lion-dance, neutral, balanced-light",NEEDS_REVIEW
_unique_photoset/IMG_4339.JPG,L0450,carpool-captain-final-form,Carpool Captain: Final Form,COMMON,EARTH,,lions/common/carpool-captain-final-form.jpg,Carpool Captain: Final Form brings suspiciously strong team-life energy to the LionDen collection.,"wedding, ballroom, pink-lights, guests, lion-dance, neutral, balanced-light",NEEDS_REVIEW
_unique_photoset/IMG_4342.JPG,L0451,road-trip-menace-final-form,Road Trip Menace: Final Form,COMMON,METAL,,lions/common/road-trip-menace-final-form.jpg,Road Trip Menace: Final Form brings suspiciously strong team-life energy to the LionDen collection.,"wedding, ballroom, pink-lights, guests, lion-dance, water, balanced-light",NEEDS_REVIEW
_unique_photoset/IMG_4343.JPG,L0452,van-boss-with-sauce,Van Boss: With Sauce,COMMON,NATURE,,lions/common/van-boss-with-sauce.jpg,Van Boss: With Sauce brings suspiciously strong team-life energy to the LionDen collection.,"wedding, ballroom, pink-lights, guests, lion-dance, neutral, balanced-light",NEEDS_REVIEW
_unique_photoset/IMG_4344.JPG,L0453,sidequest-manager-no-refunds,Sidequest Manager: No Refunds,COMMON,LIGHT,FIRE,lions/common/sidequest-manager-no-refunds.jpg,Sidequest Manager: No Refunds brings suspiciously strong team-life energy to the LionDen collection.,"wedding, ballroom, pink-lights, guests, lion-dance, neutral, balanced-light",NEEDS_REVIEW
_unique_photoset/IMG_4345.JPG,L0454,hangout-captain-final-form,Hangout Captain: Final Form,COMMON,NEUTRAL,,lions/common/hangout-captain-final-form.jpg,Hangout Captain: Final Form brings suspiciously strong team-life energy to the LionDen collection.,"wedding, ballroom, pink-lights, guests, lion-dance, fire, balanced-light",NEEDS_REVIEW
_unique_photoset/IMG_4347.JPG,L0455,snack-bag-menace-no-refunds,Snack Bag Menace: No Refunds,COMMON,WATER,,lions/common/snack-bag-menace-no-refunds.jpg,Snack Bag Menace: No Refunds brings suspiciously strong team-life energy to the LionDen collection.,"wedding, ballroom, pink-lights, guests, lion-dance, neutral, balanced-light",NEEDS_REVIEW
_unique_photoset/IMG_4348.JPG,L0456,carpool-boss-extra-crispy,Carpool Boss: Extra Crispy,COMMON,EARTH,,lions/common/carpool-boss-extra-crispy.jpg,Carpool Boss: Extra Crispy brings suspiciously strong team-life energy to the LionDen collection.,"wedding, ballroom, pink-lights, guests, lion-dance, neutral, balanced-light",NEEDS_REVIEW
_unique_photoset/IMG_4350.JPG,L0457,road-trip-manager-unsupervised,Road Trip Manager: Unsupervised,COMMON,METAL,EARTH,lions/common/road-trip-manager-unsupervised.jpg,Road Trip Manager: Unsupervised brings suspiciously strong team-life energy to the LionDen collection.,"wedding, ballroom, pink-lights, guests, lion-dance, neutral, balanced-light",NEEDS_REVIEW
_unique_photoset/IMG_4351.JPG,L0458,van-captain-lunch-break,Van Captain: Lunch Break,COMMON,NATURE,,lions/common/van-captain-lunch-break.jpg,Van Captain: Lunch Break brings suspiciously strong team-life energy to the LionDen collection.,"wedding, ballroom, pink-lights, guests, lion-dance, neutral, balanced-light",NEEDS_REVIEW
_unique_photoset/IMG_4353.JPG,L0459,sidequest-menace-extra-crispy,Sidequest Menace: Extra Crispy,COMMON,LIGHT,,lions/common/sidequest-menace-extra-crispy.jpg,Sidequest Menace: Extra Crispy brings suspiciously strong team-life energy to the LionDen collection.,"wedding, ballroom, pink-lights, guests, lion-dance, neutral, balanced-light",NEEDS_REVIEW
_unique_photoset/IMG_4356.JPG,L0460,hangout-boss-bonus-round,Hangout Boss: Bonus Round,COMMON,NEUTRAL,,lions/common/hangout-boss-bonus-round.jpg,Hangout Boss: Bonus Round brings suspiciously strong team-life energy to the LionDen collection.,"wedding, ballroom, pink-lights, guests, lion-dance, neutral, balanced-light",NEEDS_REVIEW
_unique_photoset/IMG_4357.JPG,L0461,snack-bag-manager-tax-included,Snack Bag Manager: Tax Included,COMMON,WATER,WIND,lions/common/snack-bag-manager-tax-included.jpg,Snack Bag Manager: Tax Included brings suspiciously strong team-life energy to the LionDen collection.,"wedding, ballroom, pink-lights, guests, lion-dance, neutral, balanced-light",NEEDS_REVIEW
_unique_photoset/IMG_4358.JPG,L0462,carpool-captain-with-sauce,Carpool Captain: With Sauce,COMMON,EARTH,,lions/common/carpool-captain-with-sauce.jpg,Carpool Captain: With Sauce brings suspiciously strong team-life energy to the LionDen collection.,"wedding, ballroom, pink-lights, guests, lion-dance, neutral, balanced-light",NEEDS_REVIEW
_unique_photoset/IMG_4359.JPG,L0463,road-trip-menace-with-sauce,Road Trip Menace: With Sauce,COMMON,METAL,,lions/common/road-trip-menace-with-sauce.jpg,Road Trip Menace: With Sauce brings suspiciously strong team-life energy to the LionDen collection.,"wedding, ballroom, pink-lights, guests, lion-dance, neutral, balanced-light",NEEDS_REVIEW
_unique_photoset/IMG_4360.JPG,L0464,van-boss-no-refunds,Van Boss: No Refunds,COMMON,NATURE,,lions/common/van-boss-no-refunds.jpg,Van Boss: No Refunds brings suspiciously strong team-life energy to the LionDen collection.,"wedding, ballroom, pink-lights, guests, lion-dance, neutral, balanced-light",NEEDS_REVIEW
_unique_photoset/IMG_4361.JPG,L0465,sidequest-manager-unsupervised,Sidequest Manager: Unsupervised,COMMON,LIGHT,FIRE,lions/common/sidequest-manager-unsupervised.jpg,Sidequest Manager: Unsupervised brings suspiciously strong team-life energy to the LionDen collection.,"wedding, ballroom, pink-lights, guests, lion-dance, neutral, balanced-light",NEEDS_REVIEW
_unique_photoset/IMG_4362.JPG,L0466,hangout-captain-with-sauce,Hangout Captain: With Sauce,COMMON,NEUTRAL,,lions/common/hangout-captain-with-sauce.jpg,Hangout Captain: With Sauce brings suspiciously strong team-life energy to the LionDen collection.,"wedding, ballroom, pink-lights, guests, lion-dance, neutral, balanced-light",NEEDS_REVIEW
_unique_photoset/IMG_4363.JPG,L0467,snack-bag-menace-unsupervised,Snack Bag Menace: Unsupervised,COMMON,WATER,,lions/common/snack-bag-menace-unsupervised.jpg,Snack Bag Menace: Unsupervised brings suspiciously strong team-life energy to the LionDen collection.,"wedding, ballroom, pink-lights, guests, lion-dance, neutral, balanced-light",NEEDS_REVIEW
_unique_photoset/IMG_4364.JPG,L0468,carpool-boss-tax-included,Carpool Boss: Tax Included,COMMON,EARTH,,lions/common/carpool-boss-tax-included.jpg,Carpool Boss: Tax Included brings suspiciously strong team-life energy to the LionDen collection.,"wedding, ballroom, pink-lights, guests, lion-dance, neutral, balanced-light",NEEDS_REVIEW
_unique_photoset/IMG_4365.JPG,L0469,road-trip-manager-extra-crispy,Road Trip Manager: Extra Crispy,COMMON,METAL,EARTH,lions/common/road-trip-manager-extra-crispy.jpg,Road Trip Manager: Extra Crispy brings suspiciously strong team-life energy to the LionDen collection.,"wedding, ballroom, pink-lights, guests, lion-dance, neutral, balanced-light",NEEDS_REVIEW
_unique_photoset/IMG_4366.JPG,L0470,van-captain-final-form,Van Captain: Final Form,COMMON,NATURE,,lions/common/van-captain-final-form.jpg,Van Captain: Final Form brings suspiciously strong team-life energy to the LionDen collection.,"wedding, ballroom, pink-lights, guests, lion-dance, neutral, balanced-light",NEEDS_REVIEW
_unique_photoset/IMG_4367.JPG,L0471,sidequest-menace-tax-included,Sidequest Menace: Tax Included,COMMON,LIGHT,,lions/common/sidequest-menace-tax-included.jpg,Sidequest Menace: Tax Included brings suspiciously strong team-life energy to the LionDen collection.,"wedding, ballroom, pink-lights, guests, lion-dance, neutral, balanced-light",NEEDS_REVIEW
_unique_photoset/IMG_4368.JPG,L0472,hangout-boss-lunch-break,Hangout Boss: Lunch Break,COMMON,NEUTRAL,,lions/common/hangout-boss-lunch-break.jpg,Hangout Boss: Lunch Break brings suspiciously strong team-life energy to the LionDen collection.,"wedding, ballroom, pink-lights, guests, lion-dance, neutral, balanced-light",NEEDS_REVIEW
_unique_photoset/IMG_4369.JPG,L0473,snack-bag-manager-emergency-meeting,Snack Bag Manager: Emergency Meeting,COMMON,WATER,WIND,lions/common/snack-bag-manager-emergency-meeting.jpg,Snack Bag Manager: Emergency Meeting brings suspiciously strong team-life energy to the LionDen collection.,"wedding, ballroom, pink-lights, guests, lion-dance, neutral, balanced-light",NEEDS_REVIEW
_unique_photoset/IMG_4370.JPG,L0474,carpool-captain-no-refunds,Carpool Captain: No Refunds,COMMON,EARTH,,lions/common/carpool-captain-no-refunds.jpg,Carpool Captain: No Refunds brings suspiciously strong team-life energy to the LionDen collection.,"wedding, ballroom, pink-lights, guests, lion-dance, neutral, balanced-light",NEEDS_REVIEW
_unique_photoset/IMG_4371.JPG,L0475,official-road-trip-menace-second-breakfast,Official Road Trip Menace: Second Breakfast,UNCOMMON,METAL,,lions/uncommon/official-road-trip-menace-second-breakfast.jpg,Official Road Trip Menace: Second Breakfast brings suspiciously strong team-life energy to the LionDen collection.,"wedding, ballroom, pink-lights, guests, lion-dance, fire, balanced-light",NEEDS_REVIEW
_unique_photoset/IMG_4375.JPG,L0476,spicy-van-boss-overtime,Spicy Van Boss: Overtime,UNCOMMON,NATURE,,lions/uncommon/spicy-van-boss-overtime.jpg,Spicy Van Boss: Overtime brings suspiciously strong team-life energy to the LionDen collection.,"wedding, ballroom, pink-lights, guests, lion-dance, fire, balanced-light",NEEDS_REVIEW
_unique_photoset/IMG_4376.JPG,L0477,mischief-sidequest-manager-second-breakfast,Mischief Sidequest Manager: Second Breakfast,UNCOMMON,LIGHT,FIRE,lions/uncommon/mischief-sidequest-manager-second-breakfast.jpg,Mischief Sidequest Manager: Second Breakfast brings suspiciously strong team-life energy to the LionDen collection.,"wedding, ballroom, pink-lights, guests, lion-dance, fire, balanced-light",NEEDS_REVIEW
_unique_photoset/IMG_4378.JPG,L0478,rare-hangout-captain-second-breakfast,Rare Hangout Captain: Second Breakfast,RARE,NEUTRAL,,lions/rare/rare-hangout-captain-second-breakfast.jpg,Rare Hangout Captain: Second Breakfast brings suspiciously strong team-life energy to the LionDen collection.,"wedding, ballroom, pink-lights, guests, lion-dance, fire, balanced-light",NEEDS_REVIEW
_unique_photoset/IMG_4380.JPG,L0479,snack-bag-menace-extra-crispy,Snack Bag Menace: Extra Crispy,COMMON,WATER,,lions/common/snack-bag-menace-extra-crispy.jpg,Snack Bag Menace: Extra Crispy brings suspiciously strong team-life energy to the LionDen collection.,"wedding, ballroom, pink-lights, guests, lion-dance, neutral, balanced-light",NEEDS_REVIEW
_unique_photoset/IMG_4383.JPG,L0480,carpool-boss-emergency-meeting,Carpool Boss: Emergency Meeting,COMMON,EARTH,,lions/common/carpool-boss-emergency-meeting.jpg,Carpool Boss: Emergency Meeting brings suspiciously strong team-life energy to the LionDen collection.,"wedding, ballroom, pink-lights, guests, lion-dance, neutral, balanced-light",NEEDS_REVIEW
_unique_photoset/IMG_4384.JPG,L0481,road-trip-manager-tax-included,Road Trip Manager: Tax Included,COMMON,METAL,EARTH,lions/common/road-trip-manager-tax-included.jpg,Road Trip Manager: Tax Included brings suspiciously strong team-life energy to the LionDen collection.,"wedding, ballroom, pink-lights, guests, lion-dance, neutral, balanced-light",NEEDS_REVIEW
_unique_photoset/IMG_4387.JPG,L0482,deluxe-van-captain-overtime,Deluxe Van Captain: Overtime,RARE,NATURE,,lions/rare/deluxe-van-captain-overtime.jpg,Deluxe Van Captain: Overtime brings suspiciously strong team-life energy to the LionDen collection.,"wedding, ballroom, pink-lights, guests, lion-dance, fire, balanced-light",NEEDS_REVIEW
_unique_photoset/IMG_4388.JPG,L0483,sidequest-menace-emergency-meeting,Sidequest Menace: Emergency Meeting,COMMON,LIGHT,,lions/common/sidequest-menace-emergency-meeting.jpg,Sidequest Menace: Emergency Meeting brings suspiciously strong team-life energy to the LionDen collection.,"wedding, ballroom, pink-lights, guests, lion-dance, neutral, balanced-light",NEEDS_REVIEW
_unique_photoset/IMG_4389.JPG,L0484,hangout-boss-final-form,Hangout Boss: Final Form,COMMON,NEUTRAL,,lions/common/hangout-boss-final-form.jpg,Hangout Boss: Final Form brings suspiciously strong team-life energy to the LionDen collection.,"wedding, ballroom, pink-lights, guests, lion-dance, neutral, balanced-light",NEEDS_REVIEW
_unique_photoset/IMG_4390.JPG,L0485,snack-bag-manager-lore-accurate,Snack Bag Manager: Lore Accurate,COMMON,WATER,WIND,lions/common/snack-bag-manager-lore-accurate.jpg,Snack Bag Manager: Lore Accurate brings suspiciously strong team-life energy to the LionDen collection.,"wedding, ballroom, pink-lights, guests, lion-dance, neutral, balanced-light",NEEDS_REVIEW
_unique_photoset/IMG_4391.JPG,L0486,unhinged-carpool-captain,Unhinged Carpool Captain,RARE,EARTH,,lions/rare/unhinged-carpool-captain.jpg,Unhinged Carpool Captain brings suspiciously strong team-life energy to the LionDen collection.,"wedding, ballroom, pink-lights, guests, lion-dance, fire, balanced-light",NEEDS_REVIEW
_unique_photoset/IMG_4392.JPG,L0487,deluxe-road-trip-menace,Deluxe Road Trip Menace,RARE,METAL,,lions/rare/deluxe-road-trip-menace.jpg,Deluxe Road Trip Menace brings suspiciously strong team-life energy to the LionDen collection.,"wedding, ballroom, pink-lights, guests, lion-dance, fire, balanced-light",NEEDS_REVIEW
_unique_photoset/IMG_4393.JPG,L0488,bonus-van-boss-second-breakfast,Bonus Van Boss: Second Breakfast,UNCOMMON,NATURE,,lions/uncommon/bonus-van-boss-second-breakfast.jpg,Bonus Van Boss: Second Breakfast brings suspiciously strong team-life energy to the LionDen collection.,"wedding, ballroom, pink-lights, guests, lion-dance, fire, balanced-light",NEEDS_REVIEW
_unique_photoset/IMG_4394.JPG,L0489,sidequest-manager-extra-crispy,Sidequest Manager: Extra Crispy,COMMON,LIGHT,FIRE,lions/common/sidequest-manager-extra-crispy.jpg,Sidequest Manager: Extra Crispy brings suspiciously strong team-life energy to the LionDen collection.,"wedding, ballroom, pink-lights, guests, lion-dance, fire, balanced-light",NEEDS_REVIEW
_unique_photoset/IMG_4395.JPG,L0490,hangout-captain-no-refunds,Hangout Captain: No Refunds,COMMON,NEUTRAL,,lions/common/hangout-captain-no-refunds.jpg,Hangout Captain: No Refunds brings suspiciously strong team-life energy to the LionDen collection.,"wedding, ballroom, pink-lights, guests, lion-dance, neutral, balanced-light",NEEDS_REVIEW
_unique_photoset/IMG_4396.JPG,L0491,snack-bag-menace-tax-included,Snack Bag Menace: Tax Included,COMMON,WATER,,lions/common/snack-bag-menace-tax-included.jpg,Snack Bag Menace: Tax Included brings suspiciously strong team-life energy to the LionDen collection.,"wedding, ballroom, pink-lights, guests, lion-dance, neutral, balanced-light",NEEDS_REVIEW
_unique_photoset/IMG_4397.JPG,L0492,carpool-boss-lore-accurate,Carpool Boss: Lore Accurate,COMMON,EARTH,,lions/common/carpool-boss-lore-accurate.jpg,Carpool Boss: Lore Accurate brings suspiciously strong team-life energy to the LionDen collection.,"wedding, ballroom, pink-lights, guests, lion-dance, neutral, balanced-light",NEEDS_REVIEW
_unique_photoset/IMG_4398.JPG,L0493,road-trip-manager-emergency-meeting,Road Trip Manager: Emergency Meeting,COMMON,METAL,EARTH,lions/common/road-trip-manager-emergency-meeting.jpg,Road Trip Manager: Emergency Meeting brings suspiciously strong team-life energy to the LionDen collection.,"wedding, ballroom, pink-lights, guests, lion-dance, fire, balanced-light",NEEDS_REVIEW
_unique_photoset/IMG_4399.JPG,L0494,van-captain-with-sauce,Van Captain: With Sauce,COMMON,NATURE,,lions/common/van-captain-with-sauce.jpg,Van Captain: With Sauce brings suspiciously strong team-life energy to the LionDen collection.,"wedding, ballroom, pink-lights, guests, lion-dance, fire, balanced-light",NEEDS_REVIEW
_unique_photoset/IMG_4401.JPG,L0495,official-sidequest-menace,Official Sidequest Menace,UNCOMMON,LIGHT,,lions/uncommon/official-sidequest-menace.jpg,Official Sidequest Menace brings suspiciously strong team-life energy to the LionDen collection.,"wedding, ballroom, pink-lights, guests, lion-dance, fire, balanced-light",REVIEWED
_unique_photoset/IMG_4402.JPG,L0496,hangout-boss-with-sauce,Hangout Boss: With Sauce,COMMON,NEUTRAL,,lions/common/hangout-boss-with-sauce.jpg,Hangout Boss: With Sauce brings suspiciously strong team-life energy to the LionDen collection.,"wedding, ballroom, pink-lights, guests, lion-dance, neutral, balanced-light",REVIEWED
_unique_photoset/IMG_4403.JPG,L0497,mischief-snack-bag-manager-second-breakfast,Mischief Snack Bag Manager: Second Breakfast,UNCOMMON,WATER,WIND,lions/uncommon/mischief-snack-bag-manager-second-breakfast.jpg,Mischief Snack Bag Manager: Second Breakfast brings suspiciously strong team-life energy to the LionDen collection.,"wedding, ballroom, pink-lights, guests, lion-dance, fire, balanced-light",REVIEWED
_unique_photoset/IMG_4404.JPG,L0498,bonus-carpool-captain-second-breakfast,Bonus Carpool Captain: Second Breakfast,UNCOMMON,EARTH,,lions/uncommon/bonus-carpool-captain-second-breakfast.jpg,Bonus Carpool Captain: Second Breakfast brings suspiciously strong team-life energy to the LionDen collection.,"wedding, ballroom, pink-lights, guests, lion-dance, fire, balanced-light",REVIEWED
_unique_photoset/IMG_4405.JPG,L0499,extra-road-trip-menace-overtime,Extra Road Trip Menace: Overtime,UNCOMMON,METAL,,lions/uncommon/extra-road-trip-menace-overtime.jpg,Extra Road Trip Menace: Overtime brings suspiciously strong team-life energy to the LionDen collection.,"wedding, ballroom, pink-lights, guests, lion-dance, fire, balanced-light",REVIEWED
_unique_photoset/IMG_4406.JPG,L0500,van-boss-unsupervised,Van Boss: Unsupervised,COMMON,NATURE,,lions/common/van-boss-unsupervised.jpg,Van Boss: Unsupervised brings suspiciously strong team-life energy to the LionDen collection.,"wedding, ballroom, pink-lights, guests, lion-dance, neutral, balanced-light",REVIEWED
_unique_photoset/IMG_4407.JPG,L0501,sidequest-manager-tax-included,Sidequest Manager: Tax Included,COMMON,LIGHT,FIRE,lions/common/sidequest-manager-tax-included.jpg,Sidequest Manager: Tax Included brings suspiciously strong team-life energy to the LionDen collection.,"wedding, ballroom, pink-lights, guests, lion-dance, neutral, balanced-light",REVIEWED
_unique_photoset/IMG_4749.JPG,L0502,sidewalk-gremlin-side-quest,Sidewalk Gremlin: Side Quest,COMMON,SHADOW,,lions/common/sidewalk-gremlin-side-quest.jpg,Sidewalk Gremlin: Side Quest brings suspiciously strong night market energy to the LionDen collection.,"reception, string-lights, tables, night, lion-dance, shadow, dark",NEEDS_REVIEW
_unique_photoset/IMG_4753.JPG,L0503,epic-glowstick-supervisor,Epic Glowstick Supervisor,EPIC,SHADOW,,lions/epic/epic-glowstick-supervisor.jpg,Epic Glowstick Supervisor brings suspiciously strong night market energy to the LionDen collection.,"reception, string-lights, tables, night, lion-dance, fire, balanced-light",NEEDS_REVIEW
_unique_photoset/IMG_4754.JPG,L0504,mythic-soy-sauce-ceo,Mythic Soy Sauce CEO,EPIC,SHADOW,,lions/epic/mythic-soy-sauce-ceo.jpg,Mythic Soy Sauce CEO brings suspiciously strong night market energy to the LionDen collection.,"reception, string-lights, tables, night, lion-dance, fire, balanced-light",NEEDS_REVIEW
_unique_photoset/IMG_4755.JPG,L0505,grand-boba-menace,Grand Boba Menace,EPIC,SHADOW,FIRE,lions/epic/grand-boba-menace.jpg,Grand Boba Menace brings suspiciously strong night market energy to the LionDen collection.,"reception, string-lights, tables, night, lion-dance, shadow, balanced-light",NEEDS_REVIEW
_unique_photoset/IMG_4756.JPG,L0506,unhinged-noodle-gremlin-second-breakfast,Unhinged Noodle Gremlin: Second Breakfast,RARE,SHADOW,,lions/rare/unhinged-noodle-gremlin-second-breakfast.jpg,Unhinged Noodle Gremlin: Second Breakfast brings suspiciously strong night market energy to the LionDen collection.,"reception, string-lights, tables, night, lion-dance, fire, balanced-light",NEEDS_REVIEW
_unique_photoset/IMG_4757.JPG,L0507,mischief-alley-supervisor,Mischief Alley Supervisor,UNCOMMON,SHADOW,,lions/uncommon/mischief-alley-supervisor.jpg,Mischief Alley Supervisor brings suspiciously strong night market energy to the LionDen collection.,"reception, string-lights, tables, night, lion-dance, shadow, dark",NEEDS_REVIEW
_unique_photoset/IMG_4758.JPG,L0508,bonus-sidewalk-ceo,Bonus Sidewalk CEO,UNCOMMON,SHADOW,,lions/uncommon/bonus-sidewalk-ceo.jpg,Bonus Sidewalk CEO brings suspiciously strong night market energy to the LionDen collection.,"reception, string-lights, tables, night, lion-dance, shadow, dark",NEEDS_REVIEW
_unique_photoset/IMG_4759.JPG,L0509,forbidden-glowstick-menace,Forbidden Glowstick Menace,RARE,SHADOW,FIRE,lions/rare/forbidden-glowstick-menace.jpg,Forbidden Glowstick Menace brings suspiciously strong night market energy to the LionDen collection.,"reception, string-lights, tables, night, lion-dance, shadow, dark",NEEDS_REVIEW
_unique_photoset/IMG_4760.JPG,L0510,grand-soy-sauce-gremlin,Grand Soy Sauce Gremlin,EPIC,SHADOW,,lions/epic/grand-soy-sauce-gremlin.jpg,Grand Soy Sauce Gremlin brings suspiciously strong night market energy to the LionDen collection.,"reception, string-lights, tables, night, lion-dance, shadow, dark",NEEDS_REVIEW
_unique_photoset/IMG_4761.JPG,L0511,chaos-boba-supervisor,Chaos Boba Supervisor,EPIC,SHADOW,,lions/epic/chaos-boba-supervisor.jpg,Chaos Boba Supervisor brings suspiciously strong night market energy to the LionDen collection.,"reception, string-lights, tables, night, lion-dance, shadow, balanced-light",NEEDS_REVIEW
_unique_photoset/IMG_4762.JPG,L0512,deluxe-noodle-ceo,Deluxe Noodle CEO,RARE,SHADOW,,lions/rare/deluxe-noodle-ceo.jpg,Deluxe Noodle CEO brings suspiciously strong night market energy to the LionDen collection.,"reception, string-lights, tables, night, lion-dance, shadow, dark",NEEDS_REVIEW
_unique_photoset/IMG_4763.JPG,L0513,epic-alley-menace,Epic Alley Menace,EPIC,SHADOW,FIRE,lions/epic/epic-alley-menace.jpg,Epic Alley Menace brings suspiciously strong night market energy to the LionDen collection.,"reception, string-lights, tables, night, lion-dance, shadow, dark",NEEDS_REVIEW
_unique_photoset/IMG_4764.JPG,L0514,mythic-sidewalk-gremlin,Mythic Sidewalk Gremlin,EPIC,SHADOW,,lions/epic/mythic-sidewalk-gremlin.jpg,Mythic Sidewalk Gremlin brings suspiciously strong night market energy to the LionDen collection.,"reception, string-lights, tables, night, lion-dance, fire, balanced-light",NEEDS_REVIEW
_unique_photoset/IMG_4765.JPG,L0515,grand-glowstick-supervisor,Grand Glowstick Supervisor,EPIC,SHADOW,,lions/epic/grand-glowstick-supervisor.jpg,Grand Glowstick Supervisor brings suspiciously strong night market energy to the LionDen collection.,"reception, string-lights, tables, night, lion-dance, fire, balanced-light",NEEDS_REVIEW
_unique_photoset/IMG_4766.JPG,L0516,spicy-soy-sauce-ceo,Spicy Soy Sauce CEO,UNCOMMON,SHADOW,,lions/uncommon/spicy-soy-sauce-ceo.jpg,Spicy Soy Sauce CEO brings suspiciously strong night market energy to the LionDen collection.,"reception, string-lights, tables, night, lion-dance, shadow, dark",NEEDS_REVIEW
_unique_photoset/IMG_4767.JPG,L0517,overtime-boba-menace,Overtime Boba Menace,EPIC,SHADOW,FIRE,lions/epic/overtime-boba-menace.jpg,Overtime Boba Menace brings suspiciously strong night market energy to the LionDen collection.,"reception, string-lights, tables, night, lion-dance, shadow, dark",NEEDS_REVIEW
_unique_photoset/IMG_4768.JPG,L0518,rare-noodle-gremlin,Rare Noodle Gremlin,RARE,SHADOW,,lions/rare/rare-noodle-gremlin.jpg,Rare Noodle Gremlin brings suspiciously strong night market energy to the LionDen collection.,"reception, string-lights, tables, night, lion-dance, shadow, dark",NEEDS_REVIEW
_unique_photoset/IMG_4769.JPG,L0519,forbidden-alley-supervisor,Forbidden Alley Supervisor,RARE,SHADOW,,lions/rare/forbidden-alley-supervisor.jpg,Forbidden Alley Supervisor brings suspiciously strong night market energy to the LionDen collection.,"reception, string-lights, tables, night, lion-dance, shadow, dark",NEEDS_REVIEW
_unique_photoset/IMG_4770.JPG,L0520,prime-sidewalk-ceo,Prime Sidewalk CEO,RARE,SHADOW,,lions/rare/prime-sidewalk-ceo.jpg,Prime Sidewalk CEO brings suspiciously strong night market energy to the LionDen collection.,"reception, string-lights, tables, night, lion-dance, shadow, dark",NEEDS_REVIEW
_unique_photoset/IMG_4771.JPG,L0521,chaos-glowstick-menace-second-breakfast,Chaos Glowstick Menace: Second Breakfast,EPIC,SHADOW,FIRE,lions/epic/chaos-glowstick-menace-second-breakfast.jpg,Chaos Glowstick Menace: Second Breakfast brings suspiciously strong night market energy to the LionDen collection.,"reception, string-lights, tables, night, lion-dance, shadow, dark",NEEDS_REVIEW
_unique_photoset/IMG_4772.JPG,L0522,mischief-soy-sauce-gremlin,Mischief Soy Sauce Gremlin,UNCOMMON,SHADOW,,lions/uncommon/mischief-soy-sauce-gremlin.jpg,Mischief Soy Sauce Gremlin brings suspiciously strong night market energy to the LionDen collection.,"reception, string-lights, tables, night, lion-dance, shadow, dark",NEEDS_REVIEW
_unique_photoset/IMG_4773.JPG,L0523,bonus-boba-supervisor,Bonus Boba Supervisor,UNCOMMON,SHADOW,,lions/uncommon/bonus-boba-supervisor.jpg,Bonus Boba Supervisor brings suspiciously strong night market energy to the LionDen collection.,"reception, string-lights, tables, night, lion-dance, shadow, dark",NEEDS_REVIEW
_unique_photoset/IMG_4774.JPG,L0524,extra-noodle-ceo-second-breakfast,Extra Noodle CEO: Second Breakfast,UNCOMMON,SHADOW,,lions/uncommon/extra-noodle-ceo-second-breakfast.jpg,Extra Noodle CEO: Second Breakfast brings suspiciously strong night market energy to the LionDen collection.,"reception, string-lights, tables, night, lion-dance, fire, balanced-light",NEEDS_REVIEW
_unique_photoset/IMG_4775.JPG,L0525,official-alley-menace-overtime,Official Alley Menace: Overtime,UNCOMMON,SHADOW,FIRE,lions/uncommon/official-alley-menace-overtime.jpg,Official Alley Menace: Overtime brings suspiciously strong night market energy to the LionDen collection.,"reception, string-lights, tables, night, lion-dance, shadow, balanced-light",NEEDS_REVIEW
_unique_photoset/IMG_4776.JPG,L0526,spicy-sidewalk-gremlin-second-breakfast,Spicy Sidewalk Gremlin: Second Breakfast,UNCOMMON,SHADOW,,lions/uncommon/spicy-sidewalk-gremlin-second-breakfast.jpg,Spicy Sidewalk Gremlin: Second Breakfast brings suspiciously strong night market energy to the LionDen collection.,"reception, string-lights, tables, night, lion-dance, fire, balanced-light",NEEDS_REVIEW
_unique_photoset/IMG_4777.JPG,L0527,deluxe-glowstick-supervisor,Deluxe Glowstick Supervisor,RARE,SHADOW,,lions/rare/deluxe-glowstick-supervisor.jpg,Deluxe Glowstick Supervisor brings suspiciously strong night market energy to the LionDen collection.,"reception, string-lights, tables, night, lion-dance, fire, balanced-light",NEEDS_REVIEW
_unique_photoset/IMG_4778.JPG,L0528,epic-soy-sauce-ceo-second-breakfast,Epic Soy Sauce CEO: Second Breakfast,EPIC,SHADOW,,lions/epic/epic-soy-sauce-ceo-second-breakfast.jpg,Epic Soy Sauce CEO: Second Breakfast brings suspiciously strong night market energy to the LionDen collection.,"reception, string-lights, tables, night, lion-dance, shadow, balanced-light",NEEDS_REVIEW
_unique_photoset/IMG_4779.JPG,L0529,extra-boba-menace-overtime,Extra Boba Menace: Overtime,UNCOMMON,SHADOW,FIRE,lions/uncommon/extra-boba-menace-overtime.jpg,Extra Boba Menace: Overtime brings suspiciously strong night market energy to the LionDen collection.,"reception, string-lights, tables, night, lion-dance, shadow, dark",NEEDS_REVIEW
_unique_photoset/IMG_4780.JPG,L0530,official-noodle-gremlin-overtime,Official Noodle Gremlin: Overtime,UNCOMMON,SHADOW,,lions/uncommon/official-noodle-gremlin-overtime.jpg,Official Noodle Gremlin: Overtime brings suspiciously strong night market energy to the LionDen collection.,"reception, string-lights, tables, night, lion-dance, shadow, dark",NEEDS_REVIEW
_unique_photoset/IMG_4781.JPG,L0531,alley-supervisor-side-quest,Alley Supervisor: Side Quest,COMMON,SHADOW,,lions/common/alley-supervisor-side-quest.jpg,Alley Supervisor: Side Quest brings suspiciously strong night market energy to the LionDen collection.,"reception, string-lights, tables, night, lion-dance, neutral, balanced-light",NEEDS_REVIEW
_unique_photoset/IMG_4782.JPG,L0532,deluxe-sidewalk-ceo-second-breakfast,Deluxe Sidewalk CEO: Second Breakfast,RARE,SHADOW,,lions/rare/deluxe-sidewalk-ceo-second-breakfast.jpg,Deluxe Sidewalk CEO: Second Breakfast brings suspiciously strong night market energy to the LionDen collection.,"reception, string-lights, tables, night, lion-dance, fire, balanced-light",NEEDS_REVIEW
_unique_photoset/IMG_4783.JPG,L0533,bonus-glowstick-menace,Bonus Glowstick Menace,UNCOMMON,SHADOW,FIRE,lions/uncommon/bonus-glowstick-menace.jpg,Bonus Glowstick Menace brings suspiciously strong night market energy to the LionDen collection.,"reception, string-lights, tables, night, lion-dance, shadow, dark",NEEDS_REVIEW
_unique_photoset/IMG_4784.JPG,L0534,forbidden-soy-sauce-gremlin,Forbidden Soy Sauce Gremlin,RARE,SHADOW,,lions/rare/forbidden-soy-sauce-gremlin.jpg,Forbidden Soy Sauce Gremlin brings suspiciously strong night market energy to the LionDen collection.,"reception, string-lights, tables, night, lion-dance, shadow, dark",NEEDS_REVIEW
_unique_photoset/IMG_4785.JPG,L0535,prime-boba-supervisor,Prime Boba Supervisor,RARE,SHADOW,,lions/rare/prime-boba-supervisor.jpg,Prime Boba Supervisor brings suspiciously strong night market energy to the LionDen collection.,"reception, string-lights, tables, night, lion-dance, shadow, dark",NEEDS_REVIEW
_unique_photoset/IMG_4786.JPG,L0536,unhinged-noodle-ceo-second-breakfast,Unhinged Noodle CEO: Second Breakfast,RARE,SHADOW,,lions/rare/unhinged-noodle-ceo-second-breakfast.jpg,Unhinged Noodle CEO: Second Breakfast brings suspiciously strong night market energy to the LionDen collection.,"reception, string-lights, tables, night, lion-dance, shadow, dark",NEEDS_REVIEW
_unique_photoset/IMG_4787.JPG,L0537,deluxe-alley-menace-second-breakfast,Deluxe Alley Menace: Second Breakfast,RARE,SHADOW,FIRE,lions/rare/deluxe-alley-menace-second-breakfast.jpg,Deluxe Alley Menace: Second Breakfast brings suspiciously strong night market energy to the LionDen collection.,"reception, string-lights, tables, night, lion-dance, shadow, dark",NEEDS_REVIEW
_unique_photoset/IMG_4788.JPG,L0538,bonus-sidewalk-gremlin-second-breakfast,Bonus Sidewalk Gremlin: Second Breakfast,UNCOMMON,SHADOW,,lions/uncommon/bonus-sidewalk-gremlin-second-breakfast.jpg,Bonus Sidewalk Gremlin: Second Breakfast brings suspiciously strong night market energy to the LionDen collection.,"reception, string-lights, tables, night, lion-dance, shadow, balanced-light",NEEDS_REVIEW
_unique_photoset/IMG_4789.JPG,L0539,forbidden-glowstick-supervisor,Forbidden Glowstick Supervisor,RARE,SHADOW,,lions/rare/forbidden-glowstick-supervisor.jpg,Forbidden Glowstick Supervisor brings suspiciously strong night market energy to the LionDen collection.,"reception, string-lights, tables, night, lion-dance, shadow, dark",NEEDS_REVIEW
_unique_photoset/IMG_4790.JPG,L0540,grand-soy-sauce-ceo-second-breakfast,Grand Soy Sauce CEO: Second Breakfast,EPIC,SHADOW,,lions/epic/grand-soy-sauce-ceo-second-breakfast.jpg,Grand Soy Sauce CEO: Second Breakfast brings suspiciously strong night market energy to the LionDen collection.,"reception, string-lights, tables, night, lion-dance, fire, balanced-light",NEEDS_REVIEW
_unique_photoset/IMG_4791.JPG,L0541,spicy-boba-menace,Spicy Boba Menace,UNCOMMON,SHADOW,FIRE,lions/uncommon/spicy-boba-menace.jpg,Spicy Boba Menace brings suspiciously strong night market energy to the LionDen collection.,"reception, string-lights, tables, night, lion-dance, fire, balanced-light",NEEDS_REVIEW
_unique_photoset/IMG_4792.JPG,L0542,mischief-noodle-gremlin,Mischief Noodle Gremlin,UNCOMMON,SHADOW,,lions/uncommon/mischief-noodle-gremlin.jpg,Mischief Noodle Gremlin brings suspiciously strong night market energy to the LionDen collection.,"reception, string-lights, tables, night, lion-dance, shadow, balanced-light",NEEDS_REVIEW
_unique_photoset/IMG_4793.JPG,L0543,epic-alley-supervisor,Epic Alley Supervisor,EPIC,SHADOW,,lions/epic/epic-alley-supervisor.jpg,Epic Alley Supervisor brings suspiciously strong night market energy to the LionDen collection.,"reception, string-lights, tables, night, lion-dance, fire, balanced-light",NEEDS_REVIEW
_unique_photoset/IMG_4861.JPG,L0544,hangout-boss-no-refunds,Hangout Boss: No Refunds,COMMON,NEUTRAL,,lions/common/hangout-boss-no-refunds.jpg,Hangout Boss: No Refunds brings suspiciously strong team-life energy to the LionDen collection.,"tent, festival, audience, lion-dance, neutral, balanced-light",REVIEWED
_unique_photoset/IMG_4864.JPG,L0545,snack-bag-manager-limited-warranty,Snack Bag Manager: Limited Warranty,COMMON,WATER,WIND,lions/common/snack-bag-manager-limited-warranty.jpg,Snack Bag Manager: Limited Warranty brings suspiciously strong team-life energy to the LionDen collection.,"tent, festival, audience, lion-dance, neutral, balanced-light",REVIEWED
_unique_photoset/IMG_4866.JPG,L0546,carpool-captain-unsupervised,Carpool Captain: Unsupervised,COMMON,EARTH,,lions/common/carpool-captain-unsupervised.jpg,Carpool Captain: Unsupervised brings suspiciously strong team-life energy to the LionDen collection.,"tent, festival, audience, lion-dance, neutral, balanced-light",REVIEWED
_unique_photoset/IMG_4867.JPG,L0547,road-trip-menace-no-refunds,Road Trip Menace: No Refunds,COMMON,METAL,,lions/common/road-trip-menace-no-refunds.jpg,Road Trip Menace: No Refunds brings suspiciously strong team-life energy to the LionDen collection.,"tent, festival, audience, lion-dance, neutral, balanced-light",REVIEWED
_unique_photoset/IMG_4868.JPG,L0548,van-boss-extra-crispy,Van Boss: Extra Crispy,COMMON,NATURE,,lions/common/van-boss-extra-crispy.jpg,Van Boss: Extra Crispy brings suspiciously strong team-life energy to the LionDen collection.,"tent, festival, audience, lion-dance, light, balanced-light",REVIEWED
_unique_photoset/IMG_4893.JPG,L0549,sidequest-manager-emergency-meeting,Sidequest Manager: Emergency Meeting,COMMON,LIGHT,FIRE,lions/common/sidequest-manager-emergency-meeting.jpg,Sidequest Manager: Emergency Meeting brings suspiciously strong team-life energy to the LionDen collection.,"tent, festival, audience, lion-dance, shadow, dark",REVIEWED
_unique_photoset/IMG_4896.JPG,L0550,official-hangout-captain-second-breakfast,Official Hangout Captain: Second Breakfast,UNCOMMON,NEUTRAL,,lions/uncommon/official-hangout-captain-second-breakfast.jpg,Official Hangout Captain: Second Breakfast brings suspiciously strong team-life energy to the LionDen collection.,"tent, festival, audience, lion-dance, shadow, dark",REVIEWED
_unique_photoset/IMG_4979.JPG,L0551,snack-bag-menace-emergency-meeting,Snack Bag Menace: Emergency Meeting,COMMON,WATER,,lions/common/snack-bag-menace-emergency-meeting.jpg,Snack Bag Menace: Emergency Meeting brings suspiciously strong team-life energy to the LionDen collection.,"tent, festival, audience, lion-dance, water, balanced-light",REVIEWED
_unique_photoset/IMG_4980.JPG,L0552,carpool-boss-limited-warranty,Carpool Boss: Limited Warranty,COMMON,EARTH,,lions/common/carpool-boss-limited-warranty.jpg,Carpool Boss: Limited Warranty brings suspiciously strong team-life energy to the LionDen collection.,"tent, festival, audience, lion-dance, water, balanced-light",REVIEWED
_unique_photoset/IMG_4984.JPG,L0553,road-trip-manager-lore-accurate,Road Trip Manager: Lore Accurate,COMMON,METAL,EARTH,lions/common/road-trip-manager-lore-accurate.jpg,Road Trip Manager: Lore Accurate brings suspiciously strong team-life energy to the LionDen collection.,"tent, festival, audience, lion-dance, water, balanced-light",REVIEWED
_unique_photoset/IMG_4990.JPG,L0554,van-captain-no-refunds,Van Captain: No Refunds,COMMON,NATURE,,lions/common/van-captain-no-refunds.jpg,Van Captain: No Refunds brings suspiciously strong team-life energy to the LionDen collection.,"tent, festival, audience, lion-dance, neutral, balanced-light",REVIEWED
_unique_photoset/IMG_4995.JPG,L0555,sidequest-menace-lore-accurate,Sidequest Menace: Lore Accurate,COMMON,LIGHT,,lions/common/sidequest-menace-lore-accurate.jpg,Sidequest Menace: Lore Accurate brings suspiciously strong team-life energy to the LionDen collection.,"tent, festival, audience, lion-dance, neutral, balanced-light",REVIEWED
_unique_photoset/IMG_4996.JPG,L0556,hangout-boss-unsupervised,Hangout Boss: Unsupervised,COMMON,NEUTRAL,,lions/common/hangout-boss-unsupervised.jpg,Hangout Boss: Unsupervised brings suspiciously strong team-life energy to the LionDen collection.,"tent, festival, audience, lion-dance, fire, balanced-light",REVIEWED
_unique_photoset/IMG_4997.JPG,L0557,snack-bag-manager-tiny-hat,Snack Bag Manager: Tiny Hat,COMMON,WATER,WIND,lions/common/snack-bag-manager-tiny-hat.jpg,Snack Bag Manager: Tiny Hat brings suspiciously strong team-life energy to the LionDen collection.,"tent, festival, audience, lion-dance, shadow, balanced-light",REVIEWED
_unique_photoset/IMG_4999.JPG,L0558,carpool-captain-extra-crispy,Carpool Captain: Extra Crispy,COMMON,EARTH,,lions/common/carpool-captain-extra-crispy.jpg,Carpool Captain: Extra Crispy brings suspiciously strong team-life energy to the LionDen collection.,"tent, festival, audience, lion-dance, fire, balanced-light",REVIEWED
_unique_photoset/IMG_5001.JPG,L0559,road-trip-menace-unsupervised,Road Trip Menace: Unsupervised,COMMON,METAL,,lions/common/road-trip-menace-unsupervised.jpg,Road Trip Menace: Unsupervised brings suspiciously strong team-life energy to the LionDen collection.,"tent, festival, audience, lion-dance, fire, balanced-light",NEEDS_REVIEW
_unique_photoset/IMG_5002.JPG,L0560,van-boss-tax-included,Van Boss: Tax Included,COMMON,NATURE,,lions/common/van-boss-tax-included.jpg,Van Boss: Tax Included brings suspiciously strong team-life energy to the LionDen collection.,"tent, festival, audience, lion-dance, neutral, balanced-light",NEEDS_REVIEW
_unique_photoset/IMG_5003.JPG,L0561,unhinged-sidequest-manager,Unhinged Sidequest Manager,RARE,LIGHT,FIRE,lions/rare/unhinged-sidequest-manager.jpg,Unhinged Sidequest Manager brings suspiciously strong team-life energy to the LionDen collection.,"tent, festival, audience, lion-dance, fire, balanced-light",NEEDS_REVIEW
_unique_photoset/IMG_5004.JPG,L0562,hangout-captain-unsupervised,Hangout Captain: Unsupervised,COMMON,NEUTRAL,,lions/common/hangout-captain-unsupervised.jpg,Hangout Captain: Unsupervised brings suspiciously strong team-life energy to the LionDen collection.,"tent, festival, audience, lion-dance, neutral, balanced-light",NEEDS_REVIEW
_unique_photoset/IMG_5005.JPG,L0563,snack-bag-menace-lore-accurate,Snack Bag Menace: Lore Accurate,COMMON,WATER,,lions/common/snack-bag-menace-lore-accurate.jpg,Snack Bag Menace: Lore Accurate brings suspiciously strong team-life energy to the LionDen collection.,"tent, festival, audience, lion-dance, neutral, balanced-light",NEEDS_REVIEW
_unique_photoset/IMG_5006.JPG,L0564,carpool-boss-tiny-hat,Carpool Boss: Tiny Hat,COMMON,EARTH,,lions/common/carpool-boss-tiny-hat.jpg,Carpool Boss: Tiny Hat brings suspiciously strong team-life energy to the LionDen collection.,"tent, festival, audience, lion-dance, neutral, balanced-light",NEEDS_REVIEW
_unique_photoset/IMG_5007.JPG,L0565,road-trip-manager-limited-warranty,Road Trip Manager: Limited Warranty,COMMON,WIND,LIGHT,lions/common/road-trip-manager-limited-warranty.jpg,Road Trip Manager: Limited Warranty brings suspiciously strong team-life energy to the LionDen collection.,"tent, festival, audience, lion-dance, neutral, balanced-light",NEEDS_REVIEW
_unique_photoset/IMG_5008.JPG,L0566,van-captain-unsupervised,Van Captain: Unsupervised,COMMON,METAL,,lions/common/van-captain-unsupervised.jpg,Van Captain: Unsupervised brings suspiciously strong team-life energy to the LionDen collection.,"tent, festival, audience, lion-dance, neutral, balanced-light",NEEDS_REVIEW
_unique_photoset/IMG_5009.JPG,L0567,sidequest-menace-limited-warranty,Sidequest Menace: Limited Warranty,COMMON,NATURE,,lions/common/sidequest-menace-limited-warranty.jpg,Sidequest Menace: Limited Warranty brings suspiciously strong team-life energy to the LionDen collection.,"tent, festival, audience, lion-dance, neutral, balanced-light",NEEDS_REVIEW
_unique_photoset/IMG_5010.JPG,L0568,hangout-boss-extra-crispy,Hangout Boss: Extra Crispy,COMMON,LIGHT,,lions/common/hangout-boss-extra-crispy.jpg,Hangout Boss: Extra Crispy brings suspiciously strong team-life energy to the LionDen collection.,"tent, festival, audience, lion-dance, water, balanced-light",NEEDS_REVIEW
_unique_photoset/IMG_5011.JPG,L0569,snack-bag-manager-main-character,Snack Bag Manager: Main Character,COMMON,NEUTRAL,,lions/common/snack-bag-manager-main-character.jpg,Snack Bag Manager: Main Character brings suspiciously strong team-life energy to the LionDen collection.,"tent, festival, audience, lion-dance, fire, balanced-light",NEEDS_REVIEW
_unique_photoset/IMG_5012.JPG,L0570,prime-carpool-captain,Prime Carpool Captain,RARE,WATER,,lions/rare/prime-carpool-captain.jpg,Prime Carpool Captain brings suspiciously strong team-life energy to the LionDen collection.,"tent, festival, audience, lion-dance, fire, balanced-light",NEEDS_REVIEW
_unique_photoset/IMG_5013.JPG,L0571,road-trip-menace-extra-crispy,Road Trip Menace: Extra Crispy,COMMON,EARTH,,lions/common/road-trip-menace-extra-crispy.jpg,Road Trip Menace: Extra Crispy brings suspiciously strong team-life energy to the LionDen collection.,"tent, festival, audience, lion-dance, fire, balanced-light",NEEDS_REVIEW
_unique_photoset/IMG_5015.JPG,L0572,van-boss-emergency-meeting,Van Boss: Emergency Meeting,COMMON,WIND,,lions/common/van-boss-emergency-meeting.jpg,Van Boss: Emergency Meeting brings suspiciously strong team-life energy to the LionDen collection.,"tent, festival, audience, lion-dance, neutral, balanced-light",NEEDS_REVIEW
_unique_photoset/IMG_5016.JPG,L0573,sidequest-manager-lore-accurate,Sidequest Manager: Lore Accurate,COMMON,METAL,EARTH,lions/common/sidequest-manager-lore-accurate.jpg,Sidequest Manager: Lore Accurate brings suspiciously strong team-life energy to the LionDen collection.,"tent, festival, audience, lion-dance, neutral, balanced-light",NEEDS_REVIEW
_unique_photoset/IMG_5018.JPG,L0574,extra-hangout-captain,Extra Hangout Captain,UNCOMMON,NATURE,,lions/uncommon/extra-hangout-captain.jpg,Extra Hangout Captain brings suspiciously strong team-life energy to the LionDen collection.,"tent, festival, audience, lion-dance, fire, balanced-light",NEEDS_REVIEW
_unique_photoset/IMG_5019.JPG,L0575,snack-bag-menace-limited-warranty,Snack Bag Menace: Limited Warranty,COMMON,LIGHT,,lions/common/snack-bag-menace-limited-warranty.jpg,Snack Bag Menace: Limited Warranty brings suspiciously strong team-life energy to the LionDen collection.,"tent, festival, audience, lion-dance, neutral, balanced-light",NEEDS_REVIEW
_unique_photoset/IMG_5020.JPG,L0576,carpool-boss-main-character,Carpool Boss: Main Character,COMMON,NEUTRAL,,lions/common/carpool-boss-main-character.jpg,Carpool Boss: Main Character brings suspiciously strong team-life energy to the LionDen collection.,"tent, festival, audience, lion-dance, neutral, balanced-light",NEEDS_REVIEW
_unique_photoset/IMG_5022.JPG,L0577,road-trip-manager-tiny-hat,Road Trip Manager: Tiny Hat,COMMON,WATER,WIND,lions/common/road-trip-manager-tiny-hat.jpg,Road Trip Manager: Tiny Hat brings suspiciously strong team-life energy to the LionDen collection.,"tent, festival, audience, lion-dance, neutral, balanced-light",NEEDS_REVIEW
_unique_photoset/IMG_5023.JPG,L0578,van-captain-extra-crispy,Van Captain: Extra Crispy,COMMON,EARTH,,lions/common/van-captain-extra-crispy.jpg,Van Captain: Extra Crispy brings suspiciously strong team-life energy to the LionDen collection.,"tent, festival, audience, lion-dance, neutral, balanced-light",NEEDS_REVIEW
_unique_photoset/IMG_5024.JPG,L0579,extra-sidequest-menace,Extra Sidequest Menace,UNCOMMON,WIND,,lions/uncommon/extra-sidequest-menace.jpg,Extra Sidequest Menace brings suspiciously strong team-life energy to the LionDen collection.,"tent, festival, audience, lion-dance, fire, balanced-light",NEEDS_REVIEW
_unique_photoset/IMG_5025.JPG,L0580,official-hangout-boss-second-breakfast,Official Hangout Boss: Second Breakfast,UNCOMMON,METAL,,lions/uncommon/official-hangout-boss-second-breakfast.jpg,Official Hangout Boss: Second Breakfast brings suspiciously strong team-life energy to the LionDen collection.,"tent, festival, audience, lion-dance, fire, balanced-light",NEEDS_REVIEW
_unique_photoset/IMG_5026.JPG,L0581,snack-bag-manager-speedrun,Snack Bag Manager: Speedrun,COMMON,NATURE,WATER,lions/common/snack-bag-manager-speedrun.jpg,Snack Bag Manager: Speedrun brings suspiciously strong team-life energy to the LionDen collection.,"tent, festival, audience, lion-dance, fire, balanced-light",NEEDS_REVIEW
_unique_photoset/IMG_5027.JPG,L0582,mischief-carpool-captain-overtime,Mischief Carpool Captain: Overtime,UNCOMMON,LIGHT,,lions/uncommon/mischief-carpool-captain-overtime.jpg,Mischief Carpool Captain: Overtime brings suspiciously strong team-life energy to the LionDen collection.,"tent, festival, audience, lion-dance, fire, balanced-light",NEEDS_REVIEW
_unique_photoset/IMG_5028.JPG,L0583,road-trip-menace-tax-included,Road Trip Menace: Tax Included,COMMON,NEUTRAL,,lions/common/road-trip-menace-tax-included.jpg,Road Trip Menace: Tax Included brings suspiciously strong team-life energy to the LionDen collection.,"tent, festival, audience, lion-dance, neutral, balanced-light",NEEDS_REVIEW
_unique_photoset/IMG_5029.JPG,L0584,van-boss-lore-accurate,Van Boss: Lore Accurate,COMMON,WATER,,lions/common/van-boss-lore-accurate.jpg,Van Boss: Lore Accurate brings suspiciously strong team-life energy to the LionDen collection.,"tent, festival, audience, lion-dance, neutral, balanced-light",NEEDS_REVIEW
_unique_photoset/IMG_5043.JPG,L0585,prime-sidequest-manager-overtime,Prime Sidequest Manager: Overtime,RARE,EARTH,NATURE,lions/rare/prime-sidequest-manager-overtime.jpg,Prime Sidequest Manager: Overtime brings suspiciously strong team-life energy to the LionDen collection.,"wedding, banquet, tables, guests, lion-dance, fire, balanced-light",NEEDS_REVIEW
_unique_photoset/IMG_5044.JPG,L0586,hangout-captain-extra-crispy,Hangout Captain: Extra Crispy,COMMON,WIND,,lions/common/hangout-captain-extra-crispy.jpg,Hangout Captain: Extra Crispy brings suspiciously strong team-life energy to the LionDen collection.,"wedding, banquet, tables, guests, lion-dance, neutral, balanced-light",NEEDS_REVIEW
_unique_photoset/IMG_5047.JPG,L0587,snack-bag-menace-tiny-hat,Snack Bag Menace: Tiny Hat,COMMON,METAL,,lions/common/snack-bag-menace-tiny-hat.jpg,Snack Bag Menace: Tiny Hat brings suspiciously strong team-life energy to the LionDen collection.,"wedding, banquet, tables, guests, lion-dance, neutral, balanced-light",NEEDS_REVIEW
_unique_photoset/IMG_5050.JPG,L0588,rare-carpool-boss-second-breakfast,Rare Carpool Boss: Second Breakfast,RARE,NATURE,,lions/rare/rare-carpool-boss-second-breakfast.jpg,Rare Carpool Boss: Second Breakfast brings suspiciously strong team-life energy to the LionDen collection.,"wedding, banquet, tables, guests, lion-dance, fire, balanced-light",NEEDS_REVIEW
_unique_photoset/IMG_5051.JPG,L0589,forbidden-road-trip-manager,Forbidden Road Trip Manager,RARE,LIGHT,FIRE,lions/rare/forbidden-road-trip-manager.jpg,Forbidden Road Trip Manager brings suspiciously strong team-life energy to the LionDen collection.,"wedding, banquet, tables, guests, lion-dance, fire, balanced-light",NEEDS_REVIEW
_unique_photoset/IMG_5052.JPG,L0590,van-captain-tax-included,Van Captain: Tax Included,COMMON,LIGHT,,lions/common/van-captain-tax-included.jpg,Van Captain: Tax Included brings suspiciously strong team-life energy to the LionDen collection.,"wedding, banquet, tables, guests, lion-dance, light, bright",NEEDS_REVIEW
_unique_photoset/IMG_5053.JPG,L0591,spicy-sidequest-menace-second-breakfast,Spicy Sidequest Menace: Second Breakfast,UNCOMMON,NEUTRAL,,lions/uncommon/spicy-sidequest-menace-second-breakfast.jpg,Spicy Sidequest Menace: Second Breakfast brings suspiciously strong team-life energy to the LionDen collection.,"wedding, banquet, tables, guests, lion-dance, fire, balanced-light",NEEDS_REVIEW
_unique_photoset/IMG_5054.JPG,L0592,hangout-boss-tax-included,Hangout Boss: Tax Included,COMMON,WATER,,lions/common/hangout-boss-tax-included.jpg,Hangout Boss: Tax Included brings suspiciously strong team-life energy to the LionDen collection.,"wedding, banquet, tables, guests, lion-dance, neutral, balanced-light",NEEDS_REVIEW
_unique_photoset/IMG_5056.JPG,L0593,rare-snack-bag-manager-overtime,Rare Snack Bag Manager: Overtime,RARE,EARTH,NATURE,lions/rare/rare-snack-bag-manager-overtime.jpg,Rare Snack Bag Manager: Overtime brings suspiciously strong team-life energy to the LionDen collection.,"wedding, banquet, tables, guests, lion-dance, fire, balanced-light",NEEDS_REVIEW
_unique_photoset/IMG_5075.JPG,L0594,carpool-captain-tax-included,Carpool Captain: Tax Included,COMMON,WIND,,lions/common/carpool-captain-tax-included.jpg,Carpool Captain: Tax Included brings suspiciously strong team-life energy to the LionDen collection.,"wedding, banquet, tables, guests, lion-dance, fire, balanced-light",NEEDS_REVIEW
_unique_photoset/IMG_5106.JPG,L0595,official-road-trip-menace-overtime,Official Road Trip Menace: Overtime,UNCOMMON,METAL,,lions/uncommon/official-road-trip-menace-overtime.jpg,Official Road Trip Menace: Overtime brings suspiciously strong team-life energy to the LionDen collection.,"wedding, banquet, tables, guests, lion-dance, fire, balanced-light",NEEDS_REVIEW
_unique_photoset/IMG_5107.JPG,L0596,van-boss-limited-warranty,Van Boss: Limited Warranty,COMMON,LIGHT,,lions/common/van-boss-limited-warranty.jpg,Van Boss: Limited Warranty brings suspiciously strong team-life energy to the LionDen collection.,"wedding, banquet, tables, guests, lion-dance, light, bright",NEEDS_REVIEW
_unique_photoset/IMG_5109.JPG,L0597,mischief-sidequest-manager-overtime,Mischief Sidequest Manager: Overtime,UNCOMMON,NATURE,WATER,lions/uncommon/mischief-sidequest-manager-overtime.jpg,Mischief Sidequest Manager: Overtime brings suspiciously strong team-life energy to the LionDen collection.,"wedding, banquet, tables, guests, lion-dance, shadow, dark",NEEDS_REVIEW
_unique_photoset/IMG_5110.JPG,L0598,bonus-hangout-captain,Bonus Hangout Captain,UNCOMMON,LIGHT,,lions/uncommon/bonus-hangout-captain.jpg,Bonus Hangout Captain brings suspiciously strong team-life energy to the LionDen collection.,"wedding, banquet, tables, guests, lion-dance, fire, balanced-light",NEEDS_REVIEW
_unique_photoset/IMG_5111.JPG,L0599,snack-bag-menace-main-character,Snack Bag Menace: Main Character,COMMON,NEUTRAL,,lions/common/snack-bag-menace-main-character.jpg,Snack Bag Menace: Main Character brings suspiciously strong team-life energy to the LionDen collection.,"wedding, banquet, tables, guests, lion-dance, fire, balanced-light",NEEDS_REVIEW
_unique_photoset/IMG_5112.JPG,L0600,official-carpool-boss-second-breakfast,Official Carpool Boss: Second Breakfast,UNCOMMON,WATER,,lions/uncommon/official-carpool-boss-second-breakfast.jpg,Official Carpool Boss: Second Breakfast brings suspiciously strong team-life energy to the LionDen collection.,"wedding, banquet, tables, guests, lion-dance, fire, balanced-light",NEEDS_REVIEW
_unique_photoset/IMG_5113.JPG,L0601,road-trip-manager-main-character,Road Trip Manager: Main Character,COMMON,EARTH,NATURE,lions/common/road-trip-manager-main-character.jpg,Road Trip Manager: Main Character brings suspiciously strong team-life energy to the LionDen collection.,"wedding, banquet, tables, guests, lion-dance, fire, balanced-light",NEEDS_REVIEW
_unique_photoset/IMG_5114.JPG,L0602,van-captain-emergency-meeting,Van Captain: Emergency Meeting,COMMON,WIND,,lions/common/van-captain-emergency-meeting.jpg,Van Captain: Emergency Meeting brings suspiciously strong team-life energy to the LionDen collection.,"wedding, banquet, tables, guests, lion-dance, neutral, balanced-light",NEEDS_REVIEW
_unique_photoset/IMG_5116.JPG,L0603,sidequest-menace-tiny-hat,Sidequest Menace: Tiny Hat,COMMON,METAL,,lions/common/sidequest-menace-tiny-hat.jpg,Sidequest Menace: Tiny Hat brings suspiciously strong team-life energy to the LionDen collection.,"wedding, banquet, tables, guests, lion-dance, fire, balanced-light",NEEDS_REVIEW
_unique_photoset/IMG_5117.JPG,L0604,extra-hangout-boss-director-s-cut,Extra Hangout Boss: Director's Cut,UNCOMMON,LIGHT,,lions/uncommon/extra-hangout-boss-director-s-cut.jpg,Extra Hangout Boss: Director's Cut brings suspiciously strong team-life energy to the LionDen collection.,"wedding, banquet, tables, guests, lion-dance, fire, bright",NEEDS_REVIEW
_unique_photoset/IMG_5119.JPG,L0605,snack-bag-manager-patch-notes,Snack Bag Manager: Patch Notes,COMMON,NATURE,WATER,lions/common/snack-bag-manager-patch-notes.jpg,Snack Bag Manager: Patch Notes brings suspiciously strong team-life energy to the LionDen collection.,"wedding, banquet, tables, guests, lion-dance, neutral, balanced-light",NEEDS_REVIEW
_unique_photoset/IMG_5120.JPG,L0606,unhinged-carpool-captain-second-breakfast,Unhinged Carpool Captain: Second Breakfast,RARE,LIGHT,,lions/rare/unhinged-carpool-captain-second-breakfast.jpg,Unhinged Carpool Captain: Second Breakfast brings suspiciously strong team-life energy to the LionDen collection.,"wedding, banquet, tables, guests, lion-dance, fire, balanced-light",NEEDS_REVIEW
_unique_photoset/IMG_5121.JPG,L0607,mischief-road-trip-menace,Mischief Road Trip Menace,UNCOMMON,NEUTRAL,,lions/uncommon/mischief-road-trip-menace.jpg,Mischief Road Trip Menace brings suspiciously strong team-life energy to the LionDen collection.,"wedding, banquet, tables, guests, lion-dance, fire, balanced-light",NEEDS_REVIEW
_unique_photoset/IMG_5122.JPG,L0608,van-boss-tiny-hat,Van Boss: Tiny Hat,COMMON,WATER,,lions/common/van-boss-tiny-hat.jpg,Van Boss: Tiny Hat brings suspiciously strong team-life energy to the LionDen collection.,"wedding, banquet, tables, guests, lion-dance, neutral, balanced-light",NEEDS_REVIEW
_unique_photoset/IMG_5125.JPG,L0609,sidequest-manager-limited-warranty,Sidequest Manager: Limited Warranty,COMMON,EARTH,NATURE,lions/common/sidequest-manager-limited-warranty.jpg,Sidequest Manager: Limited Warranty brings suspiciously strong team-life energy to the LionDen collection.,"wedding, banquet, tables, guests, lion-dance, neutral, balanced-light",NEEDS_REVIEW
_unique_photoset/IMG_5126.JPG,L0610,official-hangout-captain-overtime,Official Hangout Captain: Overtime,UNCOMMON,WIND,,lions/uncommon/official-hangout-captain-overtime.jpg,Official Hangout Captain: Overtime brings suspiciously strong team-life energy to the LionDen collection.,"wedding, banquet, tables, guests, lion-dance, fire, balanced-light",NEEDS_REVIEW
_unique_photoset/IMG_5127.JPG,L0611,snack-bag-menace-speedrun,Snack Bag Menace: Speedrun,COMMON,METAL,,lions/common/snack-bag-menace-speedrun.jpg,Snack Bag Menace: Speedrun brings suspiciously strong team-life energy to the LionDen collection.,"wedding, banquet, tables, guests, lion-dance, neutral, balanced-light",NEEDS_REVIEW
_unique_photoset/IMG_5128.JPG,L0612,mischief-carpool-boss-second-breakfast,Mischief Carpool Boss: Second Breakfast,UNCOMMON,NATURE,,lions/uncommon/mischief-carpool-boss-second-breakfast.jpg,Mischief Carpool Boss: Second Breakfast brings suspiciously strong team-life energy to the LionDen collection.,"wedding, banquet, tables, guests, lion-dance, fire, balanced-light",NEEDS_REVIEW
_unique_photoset/IMG_5131.JPG,L0613,bonus-road-trip-manager-overtime,Bonus Road Trip Manager: Overtime,UNCOMMON,LIGHT,FIRE,lions/uncommon/bonus-road-trip-manager-overtime.jpg,Bonus Road Trip Manager: Overtime brings suspiciously strong team-life energy to the LionDen collection.,"wedding, banquet, tables, guests, lion-dance, fire, balanced-light",NEEDS_REVIEW
_unique_photoset/IMG_5132.JPG,L0614,extra-van-captain-side-quest,Extra Van Captain: Side Quest,UNCOMMON,NEUTRAL,,lions/uncommon/extra-van-captain-side-quest.jpg,Extra Van Captain: Side Quest brings suspiciously strong team-life energy to the LionDen collection.,"wedding, banquet, tables, guests, lion-dance, fire, balanced-light",NEEDS_REVIEW
_unique_photoset/IMG_5135.JPG,L0615,official-sidequest-menace-second-breakfast,Official Sidequest Menace: Second Breakfast,UNCOMMON,WATER,,lions/uncommon/official-sidequest-menace-second-breakfast.jpg,Official Sidequest Menace: Second Breakfast brings suspiciously strong team-life energy to the LionDen collection.,"wedding, banquet, tables, guests, lion-dance, fire, balanced-light",NEEDS_REVIEW
_unique_photoset/IMG_5136.JPG,L0616,hangout-boss-emergency-meeting,Hangout Boss: Emergency Meeting,COMMON,EARTH,,lions/common/hangout-boss-emergency-meeting.jpg,Hangout Boss: Emergency Meeting brings suspiciously strong team-life energy to the LionDen collection.,"wedding, banquet, tables, guests, lion-dance, neutral, balanced-light",NEEDS_REVIEW
_unique_photoset/IMG_5137.JPG,L0617,snack-bag-manager-second-breakfast-22,Snack Bag Manager: Second Breakfast 22,COMMON,WIND,LIGHT,lions/common/snack-bag-manager-second-breakfast-22.jpg,Snack Bag Manager: Second Breakfast 22 brings suspiciously strong team-life energy to the LionDen collection.,"wedding, banquet, tables, guests, lion-dance, fire, balanced-light",NEEDS_REVIEW
_unique_photoset/IMG_5138.JPG,L0618,bonus-carpool-captain-overtime,Bonus Carpool Captain: Overtime,UNCOMMON,FIRE,,lions/uncommon/bonus-carpool-captain-overtime.jpg,Bonus Carpool Captain: Overtime brings suspiciously strong team-life energy to the LionDen collection.,"wedding, banquet, tables, guests, lion-dance, fire, balanced-light",NEEDS_REVIEW
_unique_photoset/IMG_5139.JPG,L0619,forbidden-boba-supervisor-second-breakfast,Forbidden Boba Supervisor: Second Breakfast,RARE,FIRE,,lions/rare/forbidden-boba-supervisor-second-breakfast.jpg,Forbidden Boba Supervisor: Second Breakfast brings suspiciously strong night market energy to the LionDen collection.,"wedding, banquet, tables, guests, lion-dance, shadow, dark",NEEDS_REVIEW
_unique_photoset/IMG_5142.JPG,L0620,official-van-boss-second-breakfast,Official Van Boss: Second Breakfast,UNCOMMON,FIRE,,lions/uncommon/official-van-boss-second-breakfast.jpg,Official Van Boss: Second Breakfast brings suspiciously strong team-life energy to the LionDen collection.,"wedding, banquet, tables, guests, lion-dance, fire, balanced-light",NEEDS_REVIEW
_unique_photoset/IMG_5144.JPG,L0621,sidequest-manager-tiny-hat,Sidequest Manager: Tiny Hat,COMMON,FIRE,METAL,lions/common/sidequest-manager-tiny-hat.jpg,Sidequest Manager: Tiny Hat brings suspiciously strong team-life energy to the LionDen collection.,"wedding, banquet, tables, guests, lion-dance, neutral, balanced-light",NEEDS_REVIEW
_unique_photoset/IMG_5145.JPG,L0622,hangout-captain-tax-included,Hangout Captain: Tax Included,COMMON,LIGHT,,lions/common/hangout-captain-tax-included.jpg,Hangout Captain: Tax Included brings suspiciously strong team-life energy to the LionDen collection.,"wedding, banquet, tables, guests, lion-dance, light, bright",NEEDS_REVIEW
_unique_photoset/IMG_5146.JPG,L0623,bonus-snack-bag-menace-second-breakfast,Bonus Snack Bag Menace: Second Breakfast,UNCOMMON,FIRE,,lions/uncommon/bonus-snack-bag-menace-second-breakfast.jpg,Bonus Snack Bag Menace: Second Breakfast brings suspiciously strong team-life energy to the LionDen collection.,"wedding, banquet, tables, guests, lion-dance, fire, balanced-light",NEEDS_REVIEW
_unique_photoset/IMG_5149.JPG,L0624,carpool-boss-speedrun,Carpool Boss: Speedrun,COMMON,FIRE,,lions/common/carpool-boss-speedrun.jpg,Carpool Boss: Speedrun brings suspiciously strong team-life energy to the LionDen collection.,"wedding, banquet, tables, guests, lion-dance, neutral, balanced-light",NEEDS_REVIEW
_unique_photoset/IMG_5150.JPG,L0625,official-road-trip-manager,Official Road Trip Manager,UNCOMMON,FIRE,METAL,lions/uncommon/official-road-trip-manager.jpg,Official Road Trip Manager brings suspiciously strong team-life energy to the LionDen collection.,"wedding, banquet, tables, guests, lion-dance, fire, balanced-light",NEEDS_REVIEW
_unique_photoset/IMG_5151.JPG,L0626,spicy-van-captain,Spicy Van Captain,UNCOMMON,FIRE,,lions/uncommon/spicy-van-captain.jpg,Spicy Van Captain brings suspiciously strong team-life energy to the LionDen collection.,"wedding, banquet, tables, guests, lion-dance, fire, balanced-light",NEEDS_REVIEW
_unique_photoset/IMG_5153.JPG,L0627,sidequest-menace-main-character,Sidequest Menace: Main Character,COMMON,FIRE,,lions/common/sidequest-menace-main-character.jpg,Sidequest Menace: Main Character brings suspiciously strong team-life energy to the LionDen collection.,"wedding, banquet, tables, guests, lion-dance, neutral, balanced-light",NEEDS_REVIEW
_unique_photoset/IMG_5156.JPG,L0628,bonus-hangout-boss-second-breakfast,Bonus Hangout Boss: Second Breakfast,UNCOMMON,FIRE,,lions/uncommon/bonus-hangout-boss-second-breakfast.jpg,Bonus Hangout Boss: Second Breakfast brings suspiciously strong team-life energy to the LionDen collection.,"wedding, banquet, tables, guests, lion-dance, fire, balanced-light",NEEDS_REVIEW
_unique_photoset/IMG_5158.JPG,L0629,snack-bag-manager-overtime-23,Snack Bag Manager: Overtime 23,COMMON,LIGHT,FIRE,lions/common/snack-bag-manager-overtime-23.jpg,Snack Bag Manager: Overtime 23 brings suspiciously strong team-life energy to the LionDen collection.,"wedding, banquet, tables, guests, lion-dance, light, bright",NEEDS_REVIEW
_unique_photoset/IMG_5160.JPG,L0630,carpool-captain-emergency-meeting,Carpool Captain: Emergency Meeting,COMMON,FIRE,,lions/common/carpool-captain-emergency-meeting.jpg,Carpool Captain: Emergency Meeting brings suspiciously strong team-life energy to the LionDen collection.,"wedding, banquet, tables, guests, lion-dance, neutral, balanced-light",NEEDS_REVIEW
_unique_photoset/IMG_5161.JPG,L0631,road-trip-menace-emergency-meeting,Road Trip Menace: Emergency Meeting,COMMON,FIRE,,lions/common/road-trip-menace-emergency-meeting.jpg,Road Trip Menace: Emergency Meeting brings suspiciously strong team-life energy to the LionDen collection.,"wedding, banquet, tables, guests, lion-dance, neutral, balanced-light",NEEDS_REVIEW
_unique_photoset/IMG_5164.JPG,L0632,van-boss-main-character,Van Boss: Main Character,COMMON,FIRE,,lions/common/van-boss-main-character.jpg,Van Boss: Main Character brings suspiciously strong team-life energy to the LionDen collection.,"wedding, banquet, tables, guests, lion-dance, neutral, balanced-light",NEEDS_REVIEW
_unique_photoset/IMG_5166.JPG,L0633,sidequest-manager-main-character,Sidequest Manager: Main Character,COMMON,FIRE,METAL,lions/common/sidequest-manager-main-character.jpg,Sidequest Manager: Main Character brings suspiciously strong team-life energy to the LionDen collection.,"wedding, banquet, tables, guests, lion-dance, neutral, balanced-light",NEEDS_REVIEW
_unique_photoset/IMG_5169.JPG,L0634,extra-hangout-captain-second-breakfast,Extra Hangout Captain: Second Breakfast,UNCOMMON,FIRE,,lions/uncommon/extra-hangout-captain-second-breakfast.jpg,Extra Hangout Captain: Second Breakfast brings suspiciously strong team-life energy to the LionDen collection.,"wedding, banquet, tables, guests, lion-dance, fire, balanced-light",NEEDS_REVIEW
_unique_photoset/IMG_5170.JPG,L0635,official-snack-bag-menace-second-breakfast,Official Snack Bag Menace: Second Breakfast,UNCOMMON,FIRE,,lions/uncommon/official-snack-bag-menace-second-breakfast.jpg,Official Snack Bag Menace: Second Breakfast brings suspiciously strong team-life energy to the LionDen collection.,"wedding, banquet, tables, guests, lion-dance, fire, balanced-light",NEEDS_REVIEW
_unique_photoset/IMG_5171.JPG,L0636,carpool-boss-patch-notes,Carpool Boss: Patch Notes,COMMON,FIRE,,lions/common/carpool-boss-patch-notes.jpg,Carpool Boss: Patch Notes brings suspiciously strong team-life energy to the LionDen collection.,"wedding, banquet, tables, guests, lion-dance, neutral, balanced-light",NEEDS_REVIEW
_unique_photoset/IMG_5173.JPG,L0637,road-trip-manager-speedrun,Road Trip Manager: Speedrun,COMMON,LIGHT,FIRE,lions/common/road-trip-manager-speedrun.jpg,Road Trip Manager: Speedrun brings suspiciously strong team-life energy to the LionDen collection.,"wedding, banquet, tables, guests, lion-dance, light, bright",NEEDS_REVIEW
_unique_photoset/IMG_5174.JPG,L0638,van-captain-lore-accurate,Van Captain: Lore Accurate,COMMON,FIRE,,lions/common/van-captain-lore-accurate.jpg,Van Captain: Lore Accurate brings suspiciously strong team-life energy to the LionDen collection.,"wedding, banquet, tables, guests, lion-dance, fire, balanced-light",NEEDS_REVIEW
_unique_photoset/IMG_5176.JPG,L0639,sidequest-menace-speedrun,Sidequest Menace: Speedrun,COMMON,FIRE,,lions/common/sidequest-menace-speedrun.jpg,Sidequest Menace: Speedrun brings suspiciously strong team-life energy to the LionDen collection.,"wedding, banquet, tables, guests, lion-dance, neutral, balanced-light",NEEDS_REVIEW
_unique_photoset/IMG_5177.JPG,L0640,hangout-boss-lore-accurate,Hangout Boss: Lore Accurate,COMMON,LIGHT,,lions/common/hangout-boss-lore-accurate.jpg,Hangout Boss: Lore Accurate brings suspiciously strong team-life energy to the LionDen collection.,"wedding, banquet, tables, guests, lion-dance, light, bright",NEEDS_REVIEW
_unique_photoset/IMG_5178.JPG,L0641,snack-bag-manager-side-quest-24,Snack Bag Manager: Side Quest 24,COMMON,FIRE,METAL,lions/common/snack-bag-manager-side-quest-24.jpg,Snack Bag Manager: Side Quest 24 brings suspiciously strong team-life energy to the LionDen collection.,"wedding, banquet, tables, guests, lion-dance, neutral, balanced-light",NEEDS_REVIEW
_unique_photoset/IMG_5179.JPG,L0642,mischief-carpool-captain-side-quest,Mischief Carpool Captain: Side Quest,UNCOMMON,FIRE,,lions/uncommon/mischief-carpool-captain-side-quest.jpg,Mischief Carpool Captain: Side Quest brings suspiciously strong team-life energy to the LionDen collection.,"wedding, banquet, tables, guests, lion-dance, fire, balanced-light",NEEDS_REVIEW
_unique_photoset/IMG_5182.JPG,L0643,road-trip-menace-lore-accurate,Road Trip Menace: Lore Accurate,COMMON,FIRE,,lions/common/road-trip-menace-lore-accurate.jpg,Road Trip Menace: Lore Accurate brings suspiciously strong team-life energy to the LionDen collection.,"wedding, banquet, tables, guests, lion-dance, neutral, balanced-light",NEEDS_REVIEW
_unique_photoset/IMG_5183.JPG,L0644,van-boss-speedrun,Van Boss: Speedrun,COMMON,FIRE,,lions/common/van-boss-speedrun.jpg,Van Boss: Speedrun brings suspiciously strong team-life energy to the LionDen collection.,"wedding, banquet, tables, guests, lion-dance, neutral, balanced-light",NEEDS_REVIEW
_unique_photoset/IMG_5185.JPG,L0645,official-sidequest-manager,Official Sidequest Manager,UNCOMMON,FIRE,METAL,lions/uncommon/official-sidequest-manager.jpg,Official Sidequest Manager brings suspiciously strong team-life energy to the LionDen collection.,"wedding, banquet, tables, guests, lion-dance, fire, balanced-light",NEEDS_REVIEW
_unique_photoset/IMG_5186.JPG,L0646,hangout-captain-emergency-meeting,Hangout Captain: Emergency Meeting,COMMON,FIRE,,lions/common/hangout-captain-emergency-meeting.jpg,Hangout Captain: Emergency Meeting brings suspiciously strong team-life energy to the LionDen collection.,"wedding, banquet, tables, guests, lion-dance, light, balanced-light",NEEDS_REVIEW
_unique_photoset/IMG_5188.JPG,L0647,snack-bag-menace-patch-notes,Snack Bag Menace: Patch Notes,COMMON,FIRE,,lions/common/snack-bag-menace-patch-notes.jpg,Snack Bag Menace: Patch Notes brings suspiciously strong team-life energy to the LionDen collection.,"wedding, banquet, tables, guests, lion-dance, fire, balanced-light",NEEDS_REVIEW
_unique_photoset/IMG_5191.JPG,L0648,carpool-boss-second-breakfast-22,Carpool Boss: Second Breakfast 22,COMMON,LIGHT,,lions/common/carpool-boss-second-breakfast-22.jpg,Carpool Boss: Second Breakfast 22 brings suspiciously strong team-life energy to the LionDen collection.,"wedding, banquet, tables, guests, lion-dance, light, bright",NEEDS_REVIEW
_unique_photoset/IMG_5192.JPG,L0649,road-trip-manager-patch-notes,Road Trip Manager: Patch Notes,COMMON,FIRE,METAL,lions/common/road-trip-manager-patch-notes.jpg,Road Trip Manager: Patch Notes brings suspiciously strong team-life energy to the LionDen collection.,"wedding, banquet, tables, guests, lion-dance, neutral, balanced-light",NEEDS_REVIEW
_unique_photoset/IMG_5193.JPG,L0650,van-captain-limited-warranty,Van Captain: Limited Warranty,COMMON,FIRE,,lions/common/van-captain-limited-warranty.jpg,Van Captain: Limited Warranty brings suspiciously strong team-life energy to the LionDen collection.,"wedding, banquet, tables, guests, lion-dance, fire, balanced-light",NEEDS_REVIEW
_unique_photoset/IMG_5194.JPG,L0651,sidequest-menace-patch-notes,Sidequest Menace: Patch Notes,COMMON,FIRE,,lions/common/sidequest-menace-patch-notes.jpg,Sidequest Menace: Patch Notes brings suspiciously strong team-life energy to the LionDen collection.,"wedding, banquet, tables, guests, lion-dance, neutral, balanced-light",NEEDS_REVIEW
_unique_photoset/IMG_5196.JPG,L0652,hangout-boss-limited-warranty,Hangout Boss: Limited Warranty,COMMON,LIGHT,,lions/common/hangout-boss-limited-warranty.jpg,Hangout Boss: Limited Warranty brings suspiciously strong team-life energy to the LionDen collection.,"wedding, banquet, tables, guests, lion-dance, light, bright",NEEDS_REVIEW
_unique_photoset/IMG_5197.JPG,L0653,bonus-snack-bag-manager-second-breakfast,Bonus Snack Bag Manager: Second Breakfast,UNCOMMON,FIRE,METAL,lions/uncommon/bonus-snack-bag-manager-second-breakfast.jpg,Bonus Snack Bag Manager: Second Breakfast brings suspiciously strong team-life energy to the LionDen collection.,"wedding, banquet, tables, guests, lion-dance, fire, balanced-light",NEEDS_REVIEW
_unique_photoset/IMG_5198.JPG,L0654,extra-carpool-captain-second-breakfast,Extra Carpool Captain: Second Breakfast,UNCOMMON,FIRE,,lions/uncommon/extra-carpool-captain-second-breakfast.jpg,Extra Carpool Captain: Second Breakfast brings suspiciously strong team-life energy to the LionDen collection.,"wedding, banquet, tables, guests, lion-dance, fire, balanced-light",NEEDS_REVIEW
_unique_photoset/IMG_5201.JPG,L0655,road-trip-menace-limited-warranty,Road Trip Menace: Limited Warranty,COMMON,FIRE,,lions/common/road-trip-menace-limited-warranty.jpg,Road Trip Menace: Limited Warranty brings suspiciously strong team-life energy to the LionDen collection.,"wedding, banquet, tables, guests, lion-dance, neutral, balanced-light",NEEDS_REVIEW
_unique_photoset/IMG_5202.JPG,L0656,van-boss-patch-notes,Van Boss: Patch Notes,COMMON,FIRE,,lions/common/van-boss-patch-notes.jpg,Van Boss: Patch Notes brings suspiciously strong team-life energy to the LionDen collection.,"wedding, banquet, tables, guests, lion-dance, neutral, balanced-light",NEEDS_REVIEW
_unique_photoset/IMG_5206.JPG,L0657,sidequest-manager-speedrun,Sidequest Manager: Speedrun,COMMON,LIGHT,FIRE,lions/common/sidequest-manager-speedrun.jpg,Sidequest Manager: Speedrun brings suspiciously strong team-life energy to the LionDen collection.,"wedding, banquet, tables, guests, lion-dance, light, bright",NEEDS_REVIEW
_unique_photoset/IMG_5207.JPG,L0658,hangout-captain-lore-accurate,Hangout Captain: Lore Accurate,COMMON,FIRE,,lions/common/hangout-captain-lore-accurate.jpg,Hangout Captain: Lore Accurate brings suspiciously strong team-life energy to the LionDen collection.,"wedding, banquet, tables, guests, lion-dance, neutral, balanced-light",NEEDS_REVIEW
_unique_photoset/IMG_5208.JPG,L0659,snack-bag-menace-second-breakfast-22,Snack Bag Menace: Second Breakfast 22,COMMON,LIGHT,,lions/common/snack-bag-menace-second-breakfast-22.jpg,Snack Bag Menace: Second Breakfast 22 brings suspiciously strong team-life energy to the LionDen collection.,"wedding, banquet, tables, guests, lion-dance, light, bright",NEEDS_REVIEW
_unique_photoset/IMG_5210.JPG,L0660,carpool-boss-overtime-23,Carpool Boss: Overtime 23,COMMON,FIRE,,lions/common/carpool-boss-overtime-23.jpg,Carpool Boss: Overtime 23 brings suspiciously strong team-life energy to the LionDen collection.,"wedding, banquet, tables, guests, lion-dance, neutral, balanced-light",NEEDS_REVIEW
_unique_photoset/IMG_5211.JPG,L0661,road-trip-manager-second-breakfast-22,Road Trip Manager: Second Breakfast 22,COMMON,FIRE,METAL,lions/common/road-trip-manager-second-breakfast-22.jpg,Road Trip Manager: Second Breakfast 22 brings suspiciously strong team-life energy to the LionDen collection.,"wedding, banquet, tables, guests, lion-dance, neutral, balanced-light",NEEDS_REVIEW
_unique_photoset/IMG_5212.JPG,L0662,van-captain-tiny-hat,Van Captain: Tiny Hat,COMMON,FIRE,,lions/common/van-captain-tiny-hat.jpg,Van Captain: Tiny Hat brings suspiciously strong team-life energy to the LionDen collection.,"wedding, banquet, tables, guests, lion-dance, neutral, balanced-light",NEEDS_REVIEW
_unique_photoset/IMG_5215.JPG,L0663,sidequest-menace-second-breakfast-22,Sidequest Menace: Second Breakfast 22,COMMON,FIRE,,lions/common/sidequest-menace-second-breakfast-22.jpg,Sidequest Menace: Second Breakfast 22 brings suspiciously strong team-life energy to the LionDen collection.,"wedding, banquet, tables, guests, lion-dance, neutral, balanced-light",NEEDS_REVIEW
_unique_photoset/IMG_5216.JPG,L0664,hangout-boss-tiny-hat,Hangout Boss: Tiny Hat,COMMON,FIRE,,lions/common/hangout-boss-tiny-hat.jpg,Hangout Boss: Tiny Hat brings suspiciously strong team-life energy to the LionDen collection.,"wedding, banquet, tables, guests, lion-dance, neutral, balanced-light",NEEDS_REVIEW
_unique_photoset/IMG_5219.JPG,L0665,snack-bag-manager-director-s-cut-25,Snack Bag Manager: Director's Cut 25,COMMON,FIRE,METAL,lions/common/snack-bag-manager-director-s-cut-25.jpg,Snack Bag Manager: Director's Cut 25 brings suspiciously strong team-life energy to the LionDen collection.,"wedding, banquet, tables, guests, lion-dance, neutral, balanced-light",NEEDS_REVIEW
_unique_photoset/IMG_5220.JPG,L0666,carpool-captain-lore-accurate,Carpool Captain: Lore Accurate,COMMON,FIRE,,lions/common/carpool-captain-lore-accurate.jpg,Carpool Captain: Lore Accurate brings suspiciously strong team-life energy to the LionDen collection.,"wedding, banquet, tables, guests, lion-dance, neutral, balanced-light",NEEDS_REVIEW
_unique_photoset/IMG_5223.JPG,L0667,mischief-road-trip-menace-second-breakfast,Mischief Road Trip Menace: Second Breakfast,UNCOMMON,FIRE,,lions/uncommon/mischief-road-trip-menace-second-breakfast.jpg,Mischief Road Trip Menace: Second Breakfast brings suspiciously strong team-life energy to the LionDen collection.,"wedding, banquet, tables, guests, lion-dance, fire, balanced-light",NEEDS_REVIEW
_unique_photoset/IMG_5224.JPG,L0668,bonus-van-boss-overtime,Bonus Van Boss: Overtime,UNCOMMON,FIRE,,lions/uncommon/bonus-van-boss-overtime.jpg,Bonus Van Boss: Overtime brings suspiciously strong team-life energy to the LionDen collection.,"wedding, banquet, tables, guests, lion-dance, fire, balanced-light",NEEDS_REVIEW
_unique_photoset/IMG_5225.JPG,L0669,sidequest-manager-patch-notes,Sidequest Manager: Patch Notes,COMMON,FIRE,METAL,lions/common/sidequest-manager-patch-notes.jpg,Sidequest Manager: Patch Notes brings suspiciously strong team-life energy to the LionDen collection.,"wedding, banquet, tables, guests, lion-dance, fire, balanced-light",NEEDS_REVIEW
_unique_photoset/IMG_5226.JPG,L0670,hangout-captain-limited-warranty,Hangout Captain: Limited Warranty,COMMON,FIRE,,lions/common/hangout-captain-limited-warranty.jpg,Hangout Captain: Limited Warranty brings suspiciously strong team-life energy to the LionDen collection.,"wedding, banquet, tables, guests, lion-dance, fire, balanced-light",NEEDS_REVIEW
_unique_photoset/IMG_5227.JPG,L0671,snack-bag-menace-overtime-23,Snack Bag Menace: Overtime 23,COMMON,FIRE,,lions/common/snack-bag-menace-overtime-23.jpg,Snack Bag Menace: Overtime 23 brings suspiciously strong team-life energy to the LionDen collection.,"wedding, banquet, tables, guests, lion-dance, fire, balanced-light",NEEDS_REVIEW
_unique_photoset/IMG_5228.JPG,L0672,mischief-carpool-boss-overtime,Mischief Carpool Boss: Overtime,UNCOMMON,FIRE,,lions/uncommon/mischief-carpool-boss-overtime.jpg,Mischief Carpool Boss: Overtime brings suspiciously strong team-life energy to the LionDen collection.,"wedding, banquet, tables, guests, lion-dance, fire, balanced-light",NEEDS_REVIEW
_unique_photoset/IMG_5232.JPG,L0673,road-trip-manager-overtime-23,Road Trip Manager: Overtime 23,COMMON,FIRE,METAL,lions/common/road-trip-manager-overtime-23.jpg,Road Trip Manager: Overtime 23 brings suspiciously strong team-life energy to the LionDen collection.,"wedding, banquet, tables, guests, lion-dance, fire, balanced-light",NEEDS_REVIEW
_unique_photoset/IMG_5233.JPG,L0674,van-captain-main-character,Van Captain: Main Character,COMMON,FIRE,,lions/common/van-captain-main-character.jpg,Van Captain: Main Character brings suspiciously strong team-life energy to the LionDen collection.,"wedding, banquet, tables, guests, lion-dance, neutral, balanced-light",NEEDS_REVIEW
_unique_photoset/IMG_5235.JPG,L0675,sidequest-menace-overtime-23,Sidequest Menace: Overtime 23,COMMON,FIRE,,lions/common/sidequest-menace-overtime-23.jpg,Sidequest Menace: Overtime 23 brings suspiciously strong team-life energy to the LionDen collection.,"wedding, banquet, tables, guests, lion-dance, neutral, balanced-light",NEEDS_REVIEW
_unique_photoset/IMG_5237.JPG,L0676,hangout-boss-main-character,Hangout Boss: Main Character,COMMON,FIRE,,lions/common/hangout-boss-main-character.jpg,Hangout Boss: Main Character brings suspiciously strong team-life energy to the LionDen collection.,"wedding, banquet, tables, guests, lion-dance, neutral, balanced-light",NEEDS_REVIEW
_unique_photoset/IMG_5241.JPG,L0677,snack-bag-manager-after-party-26,Snack Bag Manager: After Party 26,COMMON,FIRE,METAL,lions/common/snack-bag-manager-after-party-26.jpg,Snack Bag Manager: After Party 26 brings suspiciously strong team-life energy to the LionDen collection.,"wedding, banquet, tables, guests, lion-dance, fire, balanced-light",NEEDS_REVIEW
_unique_photoset/IMG_5243.JPG,L0678,bonus-carpool-captain-side-quest,Bonus Carpool Captain: Side Quest,UNCOMMON,FIRE,,lions/uncommon/bonus-carpool-captain-side-quest.jpg,Bonus Carpool Captain: Side Quest brings suspiciously strong team-life energy to the LionDen collection.,"wedding, banquet, tables, guests, lion-dance, fire, balanced-light",NEEDS_REVIEW
_unique_photoset/IMG_5244.JPG,L0679,road-trip-menace-tiny-hat,Road Trip Menace: Tiny Hat,COMMON,FIRE,,lions/common/road-trip-menace-tiny-hat.jpg,Road Trip Menace: Tiny Hat brings suspiciously strong team-life energy to the LionDen collection.,"wedding, banquet, tables, guests, lion-dance, fire, balanced-light",NEEDS_REVIEW
_unique_photoset/IMG_5247.JPG,L0680,official-van-boss-overtime,Official Van Boss: Overtime,UNCOMMON,FIRE,,lions/uncommon/official-van-boss-overtime.jpg,Official Van Boss: Overtime brings suspiciously strong team-life energy to the LionDen collection.,"wedding, banquet, tables, guests, lion-dance, fire, balanced-light",NEEDS_REVIEW
_unique_photoset/IMG_5248.JPG,L0681,unhinged-sidequest-manager-second-breakfast,Unhinged Sidequest Manager: Second Breakfast,RARE,FIRE,METAL,lions/rare/unhinged-sidequest-manager-second-breakfast.jpg,Unhinged Sidequest Manager: Second Breakfast brings suspiciously strong team-life energy to the LionDen collection.,"wedding, banquet, tables, guests, lion-dance, shadow, dark",NEEDS_REVIEW
_unique_photoset/IMG_5252.JPG,L0682,overtime-hangout-captain-overtime,Overtime Hangout Captain: Overtime,EPIC,FIRE,,lions/epic/overtime-hangout-captain-overtime.jpg,Overtime Hangout Captain: Overtime brings suspiciously strong team-life energy to the LionDen collection.,"wedding, banquet, tables, guests, lion-dance, shadow, dark",NEEDS_REVIEW
_unique_photoset/IMG_5254.JPG,L0683,rare-snack-bag-menace,Rare Snack Bag Menace,RARE,FIRE,,lions/rare/rare-snack-bag-menace.jpg,Rare Snack Bag Menace brings suspiciously strong team-life energy to the LionDen collection.,"wedding, banquet, tables, guests, lion-dance, fire, balanced-light",NEEDS_REVIEW
_unique_photoset/IMG_5255.JPG,L0684,extra-carpool-boss-second-breakfast,Extra Carpool Boss: Second Breakfast,UNCOMMON,FIRE,,lions/uncommon/extra-carpool-boss-second-breakfast.jpg,Extra Carpool Boss: Second Breakfast brings suspiciously strong team-life energy to the LionDen collection.,"wedding, banquet, tables, guests, lion-dance, fire, balanced-light",NEEDS_REVIEW
_unique_photoset/IMG_5256.JPG,L0685,road-trip-manager-side-quest-24,Road Trip Manager: Side Quest 24,COMMON,FIRE,METAL,lions/common/road-trip-manager-side-quest-24.jpg,Road Trip Manager: Side Quest 24 brings suspiciously strong team-life energy to the LionDen collection.,"wedding, banquet, tables, guests, lion-dance, neutral, balanced-light",NEEDS_REVIEW
_unique_photoset/IMG_5257.JPG,L0686,unhinged-van-captain,Unhinged Van Captain,RARE,FIRE,,lions/rare/unhinged-van-captain.jpg,Unhinged Van Captain brings suspiciously strong team-life energy to the LionDen collection.,"wedding, banquet, tables, guests, lion-dance, fire, balanced-light",NEEDS_REVIEW
_unique_photoset/IMG_5261.JPG,L0687,mischief-sidequest-menace-second-breakfast,Mischief Sidequest Menace: Second Breakfast,UNCOMMON,FIRE,,lions/uncommon/mischief-sidequest-menace-second-breakfast.jpg,Mischief Sidequest Menace: Second Breakfast brings suspiciously strong team-life energy to the LionDen collection.,"wedding, banquet, tables, guests, lion-dance, fire, balanced-light",NEEDS_REVIEW
_unique_photoset/IMG_5265.JPG,L0688,hangout-boss-speedrun,Hangout Boss: Speedrun,COMMON,FIRE,,lions/common/hangout-boss-speedrun.jpg,Hangout Boss: Speedrun brings suspiciously strong team-life energy to the LionDen collection.,"wedding, banquet, tables, guests, lion-dance, fire, balanced-light",NEEDS_REVIEW
_unique_photoset/IMG_5267.JPG,L0689,snack-bag-manager-bonus-round-27,Snack Bag Manager: Bonus Round 27,COMMON,LIGHT,FIRE,lions/common/snack-bag-manager-bonus-round-27.jpg,Snack Bag Manager: Bonus Round 27 brings suspiciously strong team-life energy to the LionDen collection.,"wedding, banquet, tables, guests, lion-dance, light, bright",NEEDS_REVIEW
_unique_photoset/IMG_5268.JPG,L0690,carpool-captain-limited-warranty,Carpool Captain: Limited Warranty,COMMON,FIRE,,lions/common/carpool-captain-limited-warranty.jpg,Carpool Captain: Limited Warranty brings suspiciously strong team-life energy to the LionDen collection.,"wedding, banquet, tables, guests, lion-dance, neutral, balanced-light",NEEDS_REVIEW
_unique_photoset/IMG_5269.JPG,L0691,road-trip-menace-main-character,Road Trip Menace: Main Character,COMMON,FIRE,,lions/common/road-trip-menace-main-character.jpg,Road Trip Menace: Main Character brings suspiciously strong team-life energy to the LionDen collection.,"wedding, banquet, tables, guests, lion-dance, neutral, balanced-light",NEEDS_REVIEW
_unique_photoset/IMG_5272.JPG,L0692,mischief-van-boss-overtime,Mischief Van Boss: Overtime,UNCOMMON,FIRE,,lions/uncommon/mischief-van-boss-overtime.jpg,Mischief Van Boss: Overtime brings suspiciously strong team-life energy to the LionDen collection.,"wedding, banquet, tables, guests, lion-dance, fire, balanced-light",NEEDS_REVIEW
_unique_photoset/IMG_5274.JPG,L0693,sidequest-manager-second-breakfast-22,Sidequest Manager: Second Breakfast 22,COMMON,FIRE,METAL,lions/common/sidequest-manager-second-breakfast-22.jpg,Sidequest Manager: Second Breakfast 22 brings suspiciously strong team-life energy to the LionDen collection.,"wedding, banquet, tables, guests, lion-dance, neutral, balanced-light",NEEDS_REVIEW
_unique_photoset/IMG_5280.JPG,L0694,forbidden-hangout-captain,Forbidden Hangout Captain,RARE,FIRE,,lions/rare/forbidden-hangout-captain.jpg,Forbidden Hangout Captain brings suspiciously strong team-life energy to the LionDen collection.,"wedding, banquet, tables, guests, lion-dance, fire, balanced-light",NEEDS_REVIEW
_unique_photoset/IMG_5284.JPG,L0695,prime-snack-bag-menace,Prime Snack Bag Menace,RARE,FIRE,,lions/rare/prime-snack-bag-menace.jpg,Prime Snack Bag Menace brings suspiciously strong team-life energy to the LionDen collection.,"wedding, banquet, tables, guests, lion-dance, fire, balanced-light",NEEDS_REVIEW
_unique_photoset/IMG_5287.JPG,L0696,carpool-boss-side-quest-24,Carpool Boss: Side Quest 24,COMMON,FIRE,,lions/common/carpool-boss-side-quest-24.jpg,Carpool Boss: Side Quest 24 brings suspiciously strong team-life energy to the LionDen collection.,"wedding, banquet, tables, guests, lion-dance, neutral, balanced-light",NEEDS_REVIEW
_unique_photoset/IMG_5293.JPG,L0697,overtime-road-trip-manager,Overtime Road Trip Manager,EPIC,FIRE,METAL,lions/epic/overtime-road-trip-manager.jpg,Overtime Road Trip Manager brings suspiciously strong team-life energy to the LionDen collection.,"wedding, banquet, tables, guests, lion-dance, fire, balanced-light",NEEDS_REVIEW
_unique_photoset/IMG_5295.JPG,L0698,epic-van-captain,Epic Van Captain,EPIC,FIRE,,lions/epic/epic-van-captain.jpg,Epic Van Captain brings suspiciously strong team-life energy to the LionDen collection.,"wedding, banquet, tables, guests, lion-dance, fire, balanced-light",NEEDS_REVIEW
_unique_photoset/IMG_5296.JPG,L0699,forbidden-sidequest-menace,Forbidden Sidequest Menace,RARE,FIRE,,lions/rare/forbidden-sidequest-menace.jpg,Forbidden Sidequest Menace brings suspiciously strong team-life energy to the LionDen collection.,"wedding, banquet, tables, guests, lion-dance, fire, balanced-light",NEEDS_REVIEW
_unique_photoset/IMG_5297.JPG,L0700,prime-hangout-boss,Prime Hangout Boss,RARE,FIRE,,lions/rare/prime-hangout-boss.jpg,Prime Hangout Boss brings suspiciously strong team-life energy to the LionDen collection.,"wedding, banquet, tables, guests, lion-dance, fire, balanced-light",NEEDS_REVIEW
_unique_photoset/IMG_5298.JPG,L0701,unhinged-snack-bag-manager,Unhinged Snack Bag Manager,RARE,FIRE,METAL,lions/rare/unhinged-snack-bag-manager.jpg,Unhinged Snack Bag Manager brings suspiciously strong team-life energy to the LionDen collection.,"wedding, banquet, tables, guests, lion-dance, fire, balanced-light",NEEDS_REVIEW
_unique_photoset/IMG_5299.JPG,L0702,mischief-carpool-captain-director-s-cut,Mischief Carpool Captain: Director's Cut,UNCOMMON,FIRE,,lions/uncommon/mischief-carpool-captain-director-s-cut.jpg,Mischief Carpool Captain: Director's Cut brings suspiciously strong team-life energy to the LionDen collection.,"wedding, banquet, tables, guests, lion-dance, fire, balanced-light",NEEDS_REVIEW
_unique_photoset/IMG_5918.JPG,L0703,road-trip-menace-speedrun,Road Trip Menace: Speedrun,COMMON,NATURE,,lions/common/road-trip-menace-speedrun.jpg,Road Trip Menace: Speedrun brings suspiciously strong team-life energy to the LionDen collection.,"team, portrait, casual, behind-the-scenes, neutral, balanced-light",NEEDS_REVIEW
_unique_photoset/IMG_5919.JPG,L0704,van-boss-second-breakfast-22,Van Boss: Second Breakfast 22,COMMON,NATURE,,lions/common/van-boss-second-breakfast-22.jpg,Van Boss: Second Breakfast 22 brings suspiciously strong team-life energy to the LionDen collection.,"team, portrait, casual, behind-the-scenes, neutral, balanced-light",NEEDS_REVIEW
_unique_photoset/IMG_5922.JPG,L0705,sidequest-manager-overtime-23,Sidequest Manager: Overtime 23,COMMON,NATURE,WATER,lions/common/sidequest-manager-overtime-23.jpg,Sidequest Manager: Overtime 23 brings suspiciously strong team-life energy to the LionDen collection.,"team, portrait, casual, behind-the-scenes, neutral, balanced-light",NEEDS_REVIEW
_unique_photoset/IMG_5924.JPG,L0706,hangout-captain-tiny-hat,Hangout Captain: Tiny Hat,COMMON,NATURE,,lions/common/hangout-captain-tiny-hat.jpg,Hangout Captain: Tiny Hat brings suspiciously strong team-life energy to the LionDen collection.,"team, portrait, casual, behind-the-scenes, neutral, balanced-light",NEEDS_REVIEW
_unique_photoset/IMG_5925.JPG,L0707,snack-bag-menace-side-quest-24,Snack Bag Menace: Side Quest 24,COMMON,NATURE,,lions/common/snack-bag-menace-side-quest-24.jpg,Snack Bag Menace: Side Quest 24 brings suspiciously strong team-life energy to the LionDen collection.,"team, portrait, casual, behind-the-scenes, neutral, balanced-light",NEEDS_REVIEW
_unique_photoset/IMG_6116.JPG,L0708,soy-sauce-ceo-after-party,Soy Sauce CEO: After Party,COMMON,SHADOW,,lions/common/soy-sauce-ceo-after-party.jpg,Soy Sauce CEO: After Party brings suspiciously strong night market energy to the LionDen collection.,"reception, string-lights, tables, night, lion-dance, neutral, balanced-light",REVIEWED
_unique_photoset/IMG_6117.JPG,L0709,forbidden-boba-menace,Forbidden Boba Menace,RARE,SHADOW,FIRE,lions/rare/forbidden-boba-menace.jpg,Forbidden Boba Menace brings suspiciously strong night market energy to the LionDen collection.,"reception, string-lights, tables, night, lion-dance, shadow, balanced-light",REVIEWED
_unique_photoset/IMG_6118.JPG,L0710,official-noodle-gremlin-side-quest,Official Noodle Gremlin: Side Quest,UNCOMMON,SHADOW,,lions/uncommon/official-noodle-gremlin-side-quest.jpg,Official Noodle Gremlin: Side Quest brings suspiciously strong night market energy to the LionDen collection.,"reception, string-lights, tables, night, lion-dance, fire, balanced-light",REVIEWED
_unique_photoset/IMG_6119.JPG,L0711,spicy-alley-supervisor-second-breakfast,Spicy Alley Supervisor: Second Breakfast,UNCOMMON,SHADOW,,lions/uncommon/spicy-alley-supervisor-second-breakfast.jpg,Spicy Alley Supervisor: Second Breakfast brings suspiciously strong night market energy to the LionDen collection.,"reception, string-lights, tables, night, lion-dance, shadow, balanced-light",REVIEWED
_unique_photoset/IMG_6120.JPG,L0712,overtime-sidewalk-ceo-second-breakfast,Overtime Sidewalk CEO: Second Breakfast,EPIC,SHADOW,,lions/epic/overtime-sidewalk-ceo-second-breakfast.jpg,Overtime Sidewalk CEO: Second Breakfast brings suspiciously strong night market energy to the LionDen collection.,"reception, string-lights, tables, night, lion-dance, fire, balanced-light",REVIEWED
_unique_photoset/IMG_6121.JPG,L0713,epic-glowstick-menace,Epic Glowstick Menace,EPIC,SHADOW,FIRE,lions/epic/epic-glowstick-menace.jpg,Epic Glowstick Menace brings suspiciously strong night market energy to the LionDen collection.,"reception, string-lights, tables, night, lion-dance, fire, balanced-light",REVIEWED
_unique_photoset/IMG_6122.JPG,L0714,extra-soy-sauce-gremlin-second-breakfast,Extra Soy Sauce Gremlin: Second Breakfast,UNCOMMON,SHADOW,,lions/uncommon/extra-soy-sauce-gremlin-second-breakfast.jpg,Extra Soy Sauce Gremlin: Second Breakfast brings suspiciously strong night market energy to the LionDen collection.,"reception, string-lights, tables, night, lion-dance, shadow, dark",REVIEWED
_unique_photoset/IMG_6123.JPG,L0715,prime-boba-supervisor-second-breakfast,Prime Boba Supervisor: Second Breakfast,RARE,SHADOW,,lions/rare/prime-boba-supervisor-second-breakfast.jpg,Prime Boba Supervisor: Second Breakfast brings suspiciously strong night market energy to the LionDen collection.,"reception, string-lights, tables, night, lion-dance, shadow, balanced-light",REVIEWED
_unique_photoset/IMG_9524.JPG,L0716,chaos-noodle-ceo,Chaos Noodle CEO,EPIC,METAL,,lions/epic/chaos-noodle-ceo.jpg,Chaos Noodle CEO brings suspiciously strong night market energy to the LionDen collection.,"stage, spotlight, lanterns, performance, lion-dance, shadow, dark",REVIEWED
_unique_photoset/IMG_9525.JPG,L0717,mischief-alley-menace,Mischief Alley Menace,UNCOMMON,METAL,EARTH,lions/uncommon/mischief-alley-menace.jpg,Mischief Alley Menace brings suspiciously strong night market energy to the LionDen collection.,"stage, spotlight, lanterns, performance, lion-dance, fire, balanced-light",REVIEWED
_unique_photoset/IMG_9526.JPG,L0718,bonus-sidewalk-gremlin-overtime,Bonus Sidewalk Gremlin: Overtime,UNCOMMON,METAL,,lions/uncommon/bonus-sidewalk-gremlin-overtime.jpg,Bonus Sidewalk Gremlin: Overtime brings suspiciously strong night market energy to the LionDen collection.,"stage, spotlight, lanterns, performance, lion-dance, fire, balanced-light",REVIEWED
_unique_photoset/IMG_9527.JPG,L0719,mythic-glowstick-supervisor,Mythic Glowstick Supervisor,EPIC,METAL,,lions/epic/mythic-glowstick-supervisor.jpg,Mythic Glowstick Supervisor brings suspiciously strong night market energy to the LionDen collection.,"stage, spotlight, lanterns, performance, lion-dance, fire, balanced-light",REVIEWED
_unique_photoset/IMG_9529.JPG,L0720,prime-soy-sauce-ceo,Prime Soy Sauce CEO,RARE,METAL,,lions/rare/prime-soy-sauce-ceo.jpg,Prime Soy Sauce CEO brings suspiciously strong night market energy to the LionDen collection.,"stage, spotlight, lanterns, performance, lion-dance, fire, balanced-light",REVIEWED
_unique_photoset/IMG_9530.JPG,L0721,spicy-boba-menace-second-breakfast,Spicy Boba Menace: Second Breakfast,UNCOMMON,METAL,EARTH,lions/uncommon/spicy-boba-menace-second-breakfast.jpg,Spicy Boba Menace: Second Breakfast brings suspiciously strong night market energy to the LionDen collection.,"stage, spotlight, lanterns, performance, lion-dance, fire, balanced-light",REVIEWED
_unique_photoset/IMG_9531.JPG,L0722,overtime-noodle-gremlin,Overtime Noodle Gremlin,EPIC,METAL,,lions/epic/overtime-noodle-gremlin.jpg,Overtime Noodle Gremlin brings suspiciously strong night market energy to the LionDen collection.,"stage, spotlight, lanterns, performance, lion-dance, fire, balanced-light",REVIEWED
_unique_photoset/IMG_9535.JPG,L0723,epic-alley-supervisor-second-breakfast,Epic Alley Supervisor: Second Breakfast,EPIC,METAL,,lions/epic/epic-alley-supervisor-second-breakfast.jpg,Epic Alley Supervisor: Second Breakfast brings suspiciously strong night market energy to the LionDen collection.,"stage, spotlight, lanterns, performance, lion-dance, fire, balanced-light",REVIEWED
_unique_photoset/IMG_9537.JPG,L0724,mythic-sidewalk-ceo,Mythic Sidewalk CEO,EPIC,METAL,,lions/epic/mythic-sidewalk-ceo.jpg,Mythic Sidewalk CEO brings suspiciously strong night market energy to the LionDen collection.,"stage, spotlight, lanterns, performance, lion-dance, shadow, balanced-light",REVIEWED
_unique_photoset/IMG_9538.JPG,L0725,grand-glowstick-menace,Grand Glowstick Menace,EPIC,METAL,EARTH,lions/epic/grand-glowstick-menace.jpg,Grand Glowstick Menace brings suspiciously strong night market energy to the LionDen collection.,"stage, spotlight, lanterns, performance, lion-dance, shadow, dark",REVIEWED
_unique_photoset/IMG_9539.JPG,L0726,unhinged-soy-sauce-gremlin,Unhinged Soy Sauce Gremlin,RARE,METAL,,lions/rare/unhinged-soy-sauce-gremlin.jpg,Unhinged Soy Sauce Gremlin brings suspiciously strong night market energy to the LionDen collection.,"stage, spotlight, lanterns, performance, lion-dance, shadow, dark",REVIEWED
_unique_photoset/IMG_9540.JPG,L0727,overtime-boba-supervisor,Overtime Boba Supervisor,EPIC,METAL,,lions/epic/overtime-boba-supervisor.jpg,Overtime Boba Supervisor brings suspiciously strong night market energy to the LionDen collection.,"stage, spotlight, lanterns, performance, lion-dance, shadow, dark",REVIEWED
_unique_photoset/IMG_9542.JPG,L0728,epic-noodle-ceo,Epic Noodle CEO,EPIC,METAL,,lions/epic/epic-noodle-ceo.jpg,Epic Noodle CEO brings suspiciously strong night market energy to the LionDen collection.,"stage, spotlight, lanterns, performance, lion-dance, shadow, dark",REVIEWED
_unique_photoset/IMG_9548.JPG,L0729,mythic-alley-menace,Mythic Alley Menace,EPIC,METAL,EARTH,lions/epic/mythic-alley-menace.jpg,Mythic Alley Menace brings suspiciously strong night market energy to the LionDen collection.,"stage, spotlight, lanterns, performance, lion-dance, fire, balanced-light",REVIEWED
_unique_photoset/IMG_9549.JPG,L0730,official-sidewalk-gremlin,Official Sidewalk Gremlin,UNCOMMON,METAL,,lions/uncommon/official-sidewalk-gremlin.jpg,Official Sidewalk Gremlin brings suspiciously strong night market energy to the LionDen collection.,"stage, spotlight, lanterns, performance, lion-dance, fire, balanced-light",REVIEWED
_unique_photoset/IMG_9558.JPG,L0731,spicy-glowstick-supervisor-second-breakfast,Spicy Glowstick Supervisor: Second Breakfast,UNCOMMON,METAL,,lions/uncommon/spicy-glowstick-supervisor-second-breakfast.jpg,Spicy Glowstick Supervisor: Second Breakfast brings suspiciously strong night market energy to the LionDen collection.,"stage, spotlight, lanterns, performance, lion-dance, fire, balanced-light",REVIEWED
_unique_photoset/IMG_9559.JPG,L0732,overtime-soy-sauce-ceo,Overtime Soy Sauce CEO,EPIC,METAL,,lions/epic/overtime-soy-sauce-ceo.jpg,Overtime Soy Sauce CEO brings suspiciously strong night market energy to the LionDen collection.,"stage, spotlight, lanterns, performance, lion-dance, fire, balanced-light",REVIEWED
_unique_photoset/JAZ_5395.JPG,L0733,road-trip-manager-director-s-cut-25,Road Trip Manager: Director's Cut 25,COMMON,FIRE,METAL,lions/common/road-trip-manager-director-s-cut-25.jpg,Road Trip Manager: Director's Cut 25 brings suspiciously strong team-life energy to the LionDen collection.,"tent, festival, audience, lion-dance, neutral, balanced-light",REVIEWED
_unique_photoset/JAZ_5396.JPG,L0734,van-captain-speedrun,Van Captain: Speedrun,COMMON,FIRE,,lions/common/van-captain-speedrun.jpg,Van Captain: Speedrun brings suspiciously strong team-life energy to the LionDen collection.,"tent, festival, audience, lion-dance, neutral, balanced-light",REVIEWED
_unique_photoset/JAZ_5397.JPG,L0735,prime-sidequest-menace,Prime Sidequest Menace,RARE,FIRE,,lions/rare/prime-sidequest-menace.jpg,Prime Sidequest Menace brings suspiciously strong team-life energy to the LionDen collection.,"tent, festival, audience, lion-dance, fire, balanced-light",REVIEWED
_unique_photoset/JAZ_5398.JPG,L0736,hangout-boss-patch-notes,Hangout Boss: Patch Notes,COMMON,FIRE,,lions/common/hangout-boss-patch-notes.jpg,Hangout Boss: Patch Notes brings suspiciously strong team-life energy to the LionDen collection.,"tent, festival, audience, lion-dance, light, balanced-light",REVIEWED
_unique_photoset/JAZ_5399.JPG,L0737,overtime-snack-bag-manager-second-breakfast,Overtime Snack Bag Manager: Second Breakfast,EPIC,FIRE,METAL,lions/epic/overtime-snack-bag-manager-second-breakfast.jpg,Overtime Snack Bag Manager: Second Breakfast brings suspiciously strong team-life energy to the LionDen collection.,"tent, festival, audience, lion-dance, fire, balanced-light",REVIEWED
_unique_photoset/JAZ_5400.JPG,L0738,bonus-carpool-captain-director-s-cut,Bonus Carpool Captain: Director's Cut,UNCOMMON,FIRE,,lions/uncommon/bonus-carpool-captain-director-s-cut.jpg,Bonus Carpool Captain: Director's Cut brings suspiciously strong team-life energy to the LionDen collection.,"tent, festival, audience, lion-dance, fire, balanced-light",REVIEWED
_unique_photoset/JAZ_5401.JPG,L0739,extra-road-trip-menace-side-quest,Extra Road Trip Menace: Side Quest,UNCOMMON,FIRE,,lions/uncommon/extra-road-trip-menace-side-quest.jpg,Extra Road Trip Menace: Side Quest brings suspiciously strong team-life energy to the LionDen collection.,"tent, festival, audience, lion-dance, fire, balanced-light",REVIEWED
_unique_photoset/JAZ_5402.JPG,L0740,official-van-boss-side-quest,Official Van Boss: Side Quest,UNCOMMON,FIRE,,lions/uncommon/official-van-boss-side-quest.jpg,Official Van Boss: Side Quest brings suspiciously strong team-life energy to the LionDen collection.,"tent, festival, audience, lion-dance, fire, balanced-light",REVIEWED
_unique_photoset/JAZ_5403.JPG,L0741,spicy-sidequest-manager,Spicy Sidequest Manager,UNCOMMON,FIRE,METAL,lions/uncommon/spicy-sidequest-manager.jpg,Spicy Sidequest Manager brings suspiciously strong team-life energy to the LionDen collection.,"tent, festival, audience, lion-dance, fire, balanced-light",REVIEWED
_unique_photoset/recruiting 2026.JPG,L0742,hangout-captain-main-character,Hangout Captain: Main Character,COMMON,NEUTRAL,,lions/common/hangout-captain-main-character.jpg,Hangout Captain: Main Character brings suspiciously strong team-life energy to the LionDen collection.,"poster, recruiting, graphic, neutral, balanced-light",NEEDS_REVIEW
_unique_photoset/Untitled-54.JPG,L0743,locker-supervisor-overtime,Locker Supervisor: Overtime,COMMON,METAL,,lions/common/locker-supervisor-overtime.jpg,Locker Supervisor: Overtime brings suspiciously strong school performance energy to the LionDen collection.,"stage, school, gym, performance, lion-dance, shadow, dark",REVIEWED
_unique_photoset/Untitled-58.JPG,L0744,field-trip-boss-overtime,Field Trip Boss: Overtime,COMMON,METAL,,lions/common/field-trip-boss-overtime.jpg,Field Trip Boss: Overtime brings suspiciously strong school performance energy to the LionDen collection.,"stage, school, gym, performance, lion-dance, shadow, dark",REVIEWED
_unique_photoset/Untitled-59.JPG,L0745,bleacher-wrangler-second-breakfast,Bleacher Wrangler: Second Breakfast,COMMON,METAL,EARTH,lions/common/bleacher-wrangler-second-breakfast.jpg,Bleacher Wrangler: Second Breakfast brings suspiciously strong school performance energy to the LionDen collection.,"stage, school, gym, performance, lion-dance, metal, balanced-light",REVIEWED
_unique_photoset/Untitled-60.JPG,L0746,assembly-captain-side-quest,Assembly Captain: Side Quest,COMMON,METAL,,lions/common/assembly-captain-side-quest.jpg,Assembly Captain: Side Quest brings suspiciously strong school performance energy to the LionDen collection.,"stage, school, gym, performance, lion-dance, metal, balanced-light",REVIEWED
_unique_photoset/Untitled-61.JPG,L0747,mischief-drumline-supervisor,Mischief Drumline Supervisor,UNCOMMON,METAL,,lions/uncommon/mischief-drumline-supervisor.jpg,Mischief Drumline Supervisor brings suspiciously strong school performance energy to the LionDen collection.,"stage, school, gym, performance, lion-dance, fire, balanced-light",REVIEWED
_unique_photoset/Untitled-62.JPG,L0748,stage-boss-overtime,Stage Boss: Overtime,COMMON,METAL,,lions/common/stage-boss-overtime.jpg,Stage Boss: Overtime brings suspiciously strong school performance energy to the LionDen collection.,"stage, school, gym, performance, lion-dance, metal, balanced-light",REVIEWED
_unique_photoset/Untitled-63.JPG,L0749,locker-wrangler-second-breakfast,Locker Wrangler: Second Breakfast,COMMON,METAL,EARTH,lions/common/locker-wrangler-second-breakfast.jpg,Locker Wrangler: Second Breakfast brings suspiciously strong school performance energy to the LionDen collection.,"stage, school, gym, performance, lion-dance, shadow, dark",REVIEWED
_unique_photoset/Untitled-64.JPG,L0750,field-trip-captain-second-breakfast,Field Trip Captain: Second Breakfast,COMMON,METAL,,lions/common/field-trip-captain-second-breakfast.jpg,Field Trip Captain: Second Breakfast brings suspiciously strong school performance energy to the LionDen collection.,"stage, school, gym, performance, lion-dance, metal, balanced-light",REVIEWED
_unique_photoset/Untitled-65.JPG,L0751,bleacher-supervisor-second-breakfast,Bleacher Supervisor: Second Breakfast,COMMON,METAL,,lions/common/bleacher-supervisor-second-breakfast.jpg,Bleacher Supervisor: Second Breakfast brings suspiciously strong school performance energy to the LionDen collection.,"stage, school, gym, performance, lion-dance, shadow, dark",REVIEWED
_unique_photoset/Untitled-66.JPG,L0752,noodle-ceo-director-s-cut,Noodle CEO: Director's Cut,COMMON,METAL,,lions/common/noodle-ceo-director-s-cut.jpg,Noodle CEO: Director's Cut brings suspiciously strong night market energy to the LionDen collection.,"stage, school, gym, performance, lion-dance, shadow, dark",REVIEWED
_unique_photoset/Untitled-67.JPG,L0753,drumline-wrangler-overtime,Drumline Wrangler: Overtime,COMMON,METAL,EARTH,lions/common/drumline-wrangler-overtime.jpg,Drumline Wrangler: Overtime brings suspiciously strong school performance energy to the LionDen collection.,"stage, school, gym, performance, lion-dance, shadow, dark",REVIEWED
_unique_photoset/Untitled-68.JPG,L0754,stage-captain-director-s-cut,Stage Captain: Director's Cut,COMMON,METAL,,lions/common/stage-captain-director-s-cut.jpg,Stage Captain: Director's Cut brings suspiciously strong school performance energy to the LionDen collection.,"stage, school, gym, performance, lion-dance, shadow, dark",REVIEWED
_unique_photoset/Untitled-69.JPG,L0755,locker-supervisor-side-quest,Locker Supervisor: Side Quest,COMMON,METAL,,lions/common/locker-supervisor-side-quest.jpg,Locker Supervisor: Side Quest brings suspiciously strong school performance energy to the LionDen collection.,"stage, school, gym, performance, lion-dance, metal, bright",REVIEWED
_unique_photoset/Untitled-70.JPG,L0756,field-trip-boss-side-quest,Field Trip Boss: Side Quest,COMMON,METAL,,lions/common/field-trip-boss-side-quest.jpg,Field Trip Boss: Side Quest brings suspiciously strong school performance energy to the LionDen collection.,"stage, school, gym, performance, lion-dance, shadow, dark",REVIEWED
_unique_photoset/Untitled-71.JPG,L0757,bleacher-wrangler-overtime,Bleacher Wrangler: Overtime,COMMON,METAL,EARTH,lions/common/bleacher-wrangler-overtime.jpg,Bleacher Wrangler: Overtime brings suspiciously strong school performance energy to the LionDen collection.,"stage, school, gym, performance, lion-dance, metal, balanced-light",REVIEWED
_unique_photoset/Untitled-72.JPG,L0758,rare-assembly-captain,Rare Assembly Captain,RARE,METAL,,lions/rare/rare-assembly-captain.jpg,Rare Assembly Captain brings suspiciously strong school performance energy to the LionDen collection.,"stage, school, gym, performance, lion-dance, shadow, dark",REVIEWED
_unique_photoset/Untitled-73.JPG,L0759,drumline-supervisor-second-breakfast,Drumline Supervisor: Second Breakfast,COMMON,METAL,,lions/common/drumline-supervisor-second-breakfast.jpg,Drumline Supervisor: Second Breakfast brings suspiciously strong school performance energy to the LionDen collection.,"stage, school, gym, performance, lion-dance, shadow, dark",REVIEWED
_unique_photoset/Untitled-74.JPG,L0760,stage-boss-side-quest,Stage Boss: Side Quest,COMMON,METAL,,lions/common/stage-boss-side-quest.jpg,Stage Boss: Side Quest brings suspiciously strong school performance energy to the LionDen collection.,"stage, school, gym, performance, lion-dance, shadow, dark",REVIEWED
_unique_photoset/Untitled-75.JPG,L0761,glowstick-menace-side-quest,Glowstick Menace: Side Quest,COMMON,METAL,EARTH,lions/common/glowstick-menace-side-quest.jpg,Glowstick Menace: Side Quest brings suspiciously strong night market energy to the LionDen collection.,"stage, school, gym, performance, lion-dance, shadow, balanced-light",REVIEWED
_unique_photoset/Untitled-76.JPG,L0762,deluxe-field-trip-captain,Deluxe Field Trip Captain,RARE,METAL,,lions/rare/deluxe-field-trip-captain.jpg,Deluxe Field Trip Captain brings suspiciously strong school performance energy to the LionDen collection.,"stage, school, gym, performance, lion-dance, shadow, balanced-light",REVIEWED
_unique_photoset/Untitled-77.JPG,L0763,bonus-bleacher-supervisor,Bonus Bleacher Supervisor,UNCOMMON,METAL,,lions/uncommon/bonus-bleacher-supervisor.jpg,Bonus Bleacher Supervisor brings suspiciously strong school performance energy to the LionDen collection.,"stage, school, gym, performance, lion-dance, shadow, dark",REVIEWED
_unique_photoset/Untitled-78.JPG,L0764,extra-assembly-boss,Extra Assembly Boss,UNCOMMON,METAL,,lions/uncommon/extra-assembly-boss.jpg,Extra Assembly Boss brings suspiciously strong school performance energy to the LionDen collection.,"stage, school, gym, performance, lion-dance, shadow, dark",REVIEWED
_unique_photoset/Untitled-79.JPG,L0765,alley-menace-director-s-cut,Alley Menace: Director's Cut,COMMON,METAL,EARTH,lions/common/alley-menace-director-s-cut.jpg,Alley Menace: Director's Cut brings suspiciously strong night market energy to the LionDen collection.,"stage, school, gym, performance, lion-dance, shadow, dark",REVIEWED
_unique_photoset/Untitled-80.JPG,L0766,spicy-sidewalk-gremlin-overtime,Spicy Sidewalk Gremlin: Overtime,UNCOMMON,METAL,,lions/uncommon/spicy-sidewalk-gremlin-overtime.jpg,Spicy Sidewalk Gremlin: Overtime brings suspiciously strong night market energy to the LionDen collection.,"stage, school, gym, performance, lion-dance, shadow, dark",REVIEWED
